{
  "loss": [
    57.54205322265625,
    32.509315490722656,
    30.08131980895996,
    28.77147674560547,
    27.606138229370117,
    27.67192268371582,
    27.23030662536621,
    26.727434158325195,
    26.303075790405273,
    25.753408432006836,
    25.259811401367188,
    26.118427276611328,
    25.70479393005371,
    25.666627883911133,
    25.146533966064453,
    25.380292892456055,
    24.953493118286133,
    25.060312271118164,
    24.69600486755371,
    24.24083137512207
  ],
  "val_loss": [
    23.196550369262695,
    24.39647102355957,
    23.420368194580078,
    22.830827713012695,
    23.06206512451172,
    23.368797302246094,
    23.576757431030273,
    23.19449234008789,
    22.57568359375,
    22.252904891967773,
    22.529029846191406,
    23.166568756103516,
    22.7998104095459,
    23.987194061279297,
    23.44957160949707,
    23.911861419677734,
    23.02190589904785,
    23.174055099487305,
    24.5010986328125,
    23.23673439025879
  ],
  "mae": [
    5.059831619262695,
    4.024829387664795,
    3.8663556575775146,
    3.761096954345703,
    3.7119529247283936,
    3.674471855163574,
    3.64208722114563,
    3.600079298019409,
    3.574774742126465,
    3.5432703495025635,
    3.4984359741210938,
    3.5457024574279785,
    3.5286865234375,
    3.528705358505249,
    3.5001327991485596,
    3.5043857097625732,
    3.4710569381713867,
    3.4733195304870605,
    3.4406800270080566,
    3.429086685180664
  ],
  "val_mae": [
    3.3068459033966064,
    3.637901782989502,
    3.2764358520507812,
    3.261741876602173,
    3.145807981491089,
    3.288808584213257,
    3.0987300872802734,
    3.1629772186279297,
    3.253401756286621,
    3.219275951385498,
    3.149371862411499,
    3.2073006629943848,
    3.198007583618164,
    3.4040064811706543,
    3.1853179931640625,
    3.1792988777160645,
    3.2620396614074707,
    3.161435842514038,
    3.377408981323242,
    3.1731419563293457
  ],
  "final_val_mae": 3.2166366577148438,
  "epochs": 20
}