{
  "loss": [
    134.34597778320312,
    68.2117919921875,
    58.414310455322266,
    54.63138198852539,
    54.530845642089844,
    50.519935607910156,
    48.62746810913086,
    48.80100631713867,
    50.57546615600586,
    46.59609603881836,
    45.60871124267578,
    45.78915786743164,
    46.46864700317383,
    45.074092864990234,
    44.7392463684082,
    45.12594985961914,
    43.54909896850586,
    44.389949798583984
  ],
  "val_loss": [
    46.86714172363281,
    49.7106819152832,
    51.058231353759766,
    45.77150344848633,
    55.60306930541992,
    45.28776931762695,
    43.59459686279297,
    42.47018051147461,
    49.765480041503906,
    45.76845932006836,
    47.26327896118164,
    50.16816329956055,
    59.78203201293945,
    47.084312438964844,
    46.17618179321289,
    44.087669372558594,
    50.80011749267578,
    51.41893005371094
  ],
  "mae": [
    6.917313098907471,
    5.3827409744262695,
    5.074945449829102,
    4.8592939376831055,
    4.80595588684082,
    4.632941722869873,
    4.520167827606201,
    4.44886589050293,
    4.575833320617676,
    4.3938984870910645,
    4.313718795776367,
    4.281586647033691,
    4.372509002685547,
    4.253470420837402,
    4.2742018699646,
    4.283015251159668,
    4.193917751312256,
    4.214313507080078
  ],
  "val_mae": [
    4.272955894470215,
    4.405203342437744,
    4.209199905395508,
    4.158552169799805,
    4.563644886016846,
    3.931655168533325,
    3.8985648155212402,
    3.8425748348236084,
    3.956108808517456,
    3.869745969772339,
    3.9628379344940186,
    4.101691246032715,
    4.2857985496521,
    3.8666703701019287,
    3.951988458633423,
    3.8061625957489014,
    3.9991252422332764,
    3.9789211750030518
  ],
  "final_val_mae": 3.848107099533081,
  "epochs": 18
}