{
  "loss": [
    44.93061447143555,
    23.861696243286133,
    21.313966751098633,
    19.224863052368164,
    18.601037979125977,
    18.20288848876953,
    18.462722778320312,
    17.684797286987305,
    17.700782775878906,
    17.14234733581543,
    17.242815017700195,
    17.166818618774414,
    17.261167526245117,
    16.625661849975586,
    16.578523635864258,
    16.645071029663086
  ],
  "val_loss": [
    14.6776704788208,
    15.391965866088867,
    16.367361068725586,
    17.78312110900879,
    14.105168342590332,
    13.688193321228027,
    17.25655746459961,
    16.22092056274414,
    17.071956634521484,
    15.730568885803223,
    17.10395050048828,
    15.893308639526367,
    14.795516967773438,
    15.732085227966309,
    14.947810173034668,
    14.917037010192871
  ],
  "mae": [
    4.075860023498535,
    3.275346517562866,
    3.061462163925171,
    2.8182601928710938,
    2.8032989501953125,
    2.6961865425109863,
    2.7394537925720215,
    2.674584150314331,
    2.6574337482452393,
    2.6242733001708984,
    2.636598587036133,
    2.6101949214935303,
    2.631406784057617,
    2.5909574031829834,
    2.563600540161133,
    2.5754902362823486
  ],
  "val_mae": [
    2.490319013595581,
    2.651353120803833,
    2.1738269329071045,
    2.38277530670166,
    2.1684298515319824,
    2.051288604736328,
    2.4774961471557617,
    2.2940073013305664,
    2.3901939392089844,
    2.365365982055664,
    2.5201222896575928,
    2.201653242111206,
    2.203343391418457,
    2.2010419368743896,
    2.2556440830230713,
    2.2037785053253174
  ],
  "final_val_mae": 2.054155111312866,
  "epochs": 16
}