{
  "loss": [
    71.37417602539062,
    42.52253341674805,
    39.270809173583984,
    37.86112976074219,
    37.68168258666992,
    37.615562438964844,
    37.27579879760742,
    36.53676223754883,
    35.91645050048828,
    35.57429122924805,
    35.96630859375,
    35.70896530151367,
    35.17185592651367
  ],
  "val_loss": [
    32.274620056152344,
    32.8536376953125,
    31.390975952148438,
    31.755157470703125,
    32.33737564086914,
    32.840118408203125,
    31.7010498046875,
    31.904909133911133,
    31.931367874145508,
    31.953027725219727,
    33.04276657104492,
    32.33705520629883,
    31.91666030883789
  ],
  "mae": [
    5.802027225494385,
    4.643064975738525,
    4.423406600952148,
    4.3772735595703125,
    4.3523430824279785,
    4.358078956604004,
    4.335250377655029,
    4.275897026062012,
    4.249037742614746,
    4.215901851654053,
    4.256244659423828,
    4.235752105712891,
    4.207430362701416
  ],
  "val_mae": [
    3.990450382232666,
    3.8348796367645264,
    3.9471027851104736,
    3.9308345317840576,
    4.011875629425049,
    4.19828462600708,
    3.9774107933044434,
    4.005152225494385,
    3.905860424041748,
    4.087890625,
    4.080359935760498,
    4.012300968170166,
    3.9956953525543213
  ],
  "final_val_mae": 3.9471027851104736,
  "epochs": 13
}