{
  "loss": [
    0.0061974613927304745,
    0.006082355510443449,
    0.006064934656023979,
    0.0060727461241185665,
    0.006061578635126352,
    0.006060522515326738,
    0.0060582528822124004,
    0.00605827197432518,
    0.006056827958673239,
    0.006058300845324993,
    0.006056769751012325,
    0.0060577611438930035,
    0.006057410035282373
  ],
  "val_loss": [
    3.067899160669185e-05,
    1.1540433661139105e-05,
    5.319991487340303e-06,
    1.587556653248612e-05,
    9.49378500081366e-06,
    8.10862457001349e-06,
    1.0696380741137546e-05,
    1.1277889825578313e-05,
    1.0806444151967298e-05,
    1.0062081855721772e-05,
    8.884305316314567e-06,
    8.703137609700207e-06,
    7.805343557265587e-06
  ],
  "mae": [
    0.011383725330233574,
    0.007377329748123884,
    0.0061368178576231,
    0.006758775096386671,
    0.006389125250279903,
    0.005625081714242697,
    0.006021116394549608,
    0.006084940861910582,
    0.006171150598675013,
    0.005984208080917597,
    0.006110809743404388,
    0.005894999019801617,
    0.0058184778317809105
  ],
  "val_mae": [
    0.004188601393252611,
    0.003093511098995805,
    0.0019184747943654656,
    0.0037209629081189632,
    0.002979543060064316,
    0.0025654099881649017,
    0.0031906221993267536,
    0.003253439674153924,
    0.003240943653509021,
    0.0031310084741562605,
    0.0029437695629894733,
    0.0028445671778172255,
    0.002698109718039632
  ],
  "final_val_mae": 0.0019184747943654656,
  "epochs": 13
}