{
  "loss": [
    21.948123931884766,
    11.306506156921387,
    10.438446998596191,
    9.828617095947266,
    9.433770179748535,
    9.256601333618164,
    9.303845405578613,
    9.097163200378418,
    8.971617698669434,
    8.820845603942871,
    8.96830940246582,
    8.804443359375,
    8.67672061920166,
    8.6807861328125,
    8.650028228759766,
    8.552565574645996,
    8.490595817565918,
    8.535201072692871,
    8.664259910583496,
    8.46725845336914,
    8.34105396270752,
    8.538209915161133,
    8.296221733093262,
    8.442314147949219,
    8.362739562988281,
    8.275145530700684,
    8.32284164428711,
    8.285995483398438,
    8.25118637084961,
    8.187610626220703,
    8.24828815460205,
    8.053704261779785,
    8.159104347229004
  ],
  "val_loss": [
    12.434423446655273,
    12.356415748596191,
    11.896422386169434,
    11.748983383178711,
    11.259113311767578,
    11.593389511108398,
    12.402069091796875,
    11.428424835205078,
    11.344568252563477,
    11.992839813232422,
    11.947247505187988,
    11.696969032287598,
    11.28515338897705,
    11.099752426147461,
    11.265518188476562,
    11.498489379882812,
    10.952951431274414,
    11.202630043029785,
    11.286125183105469,
    11.65186595916748,
    11.155965805053711,
    10.994209289550781,
    10.869117736816406,
    11.211429595947266,
    11.42971134185791,
    11.255253791809082,
    11.05634880065918,
    10.8986234664917,
    11.012707710266113,
    10.926501274108887,
    11.075607299804688,
    11.174007415771484,
    10.993618965148926
  ],
  "mae": [
    3.1348628997802734,
    2.3793413639068604,
    2.3070223331451416,
    2.2307004928588867,
    2.1844611167907715,
    2.177877187728882,
    2.169495105743408,
    2.1439759731292725,
    2.1315841674804688,
    2.1233959197998047,
    2.134211301803589,
    2.1102845668792725,
    2.098865509033203,
    2.0999326705932617,
    2.0926449298858643,
    2.0910048484802246,
    2.078411817550659,
    2.0836589336395264,
    2.0909812450408936,
    2.0774283409118652,
    2.0519092082977295,
    2.087473154067993,
    2.0498268604278564,
    2.07240629196167,
    2.0574285984039307,
    2.045454263687134,
    2.051363706588745,
    2.0460541248321533,
    2.044792890548706,
    2.0427074432373047,
    2.044581413269043,
    2.0177180767059326,
    2.037259101867676
  ],
  "val_mae": [
    2.5081279277801514,
    2.5373456478118896,
    2.493062734603882,
    2.4687304496765137,
    2.428814172744751,
    2.4093942642211914,
    2.468745470046997,
    2.4330615997314453,
    2.3992137908935547,
    2.5181288719177246,
    2.498863935470581,
    2.419935464859009,
    2.4309465885162354,
    2.3940813541412354,
    2.4126243591308594,
    2.3987081050872803,
    2.3879759311676025,
    2.4157509803771973,
    2.417262315750122,
    2.4052793979644775,
    2.4083621501922607,
    2.3801724910736084,
    2.3663058280944824,
    2.3934121131896973,
    2.3942229747772217,
    2.393293857574463,
    2.39282488822937,
    2.3603110313415527,
    2.377359390258789,
    2.369046926498413,
    2.383720874786377,
    2.425845146179199,
    2.396143913269043
  ],
  "final_val_mae": 2.368842601776123,
  "epochs": 33
}