{
  "loss": [
    10.899101257324219,
    7.621932506561279,
    7.315423965454102,
    7.178548812866211,
    6.94931173324585,
    6.844261169433594,
    6.899126052856445,
    6.761312484741211,
    6.698485851287842,
    6.617273807525635,
    6.5976104736328125,
    6.55827522277832,
    6.547124862670898,
    6.4864630699157715,
    6.503496170043945
  ],
  "val_loss": [
    13.419999122619629,
    12.853307723999023,
    12.50365161895752,
    12.741804122924805,
    12.480667114257812,
    12.628315925598145,
    12.530111312866211,
    12.62919807434082,
    12.520646095275879,
    12.727396011352539,
    12.751479148864746,
    12.716408729553223,
    12.58283519744873,
    12.853574752807617,
    12.90317440032959
  ],
  "mae": [
    2.0567636489868164,
    1.865541696548462,
    1.8031938076019287,
    1.7818852663040161,
    1.7234333753585815,
    1.6927932500839233,
    1.6870920658111572,
    1.66642427444458,
    1.6596375703811646,
    1.6428382396697998,
    1.6452134847640991,
    1.640213966369629,
    1.633912205696106,
    1.6334197521209717,
    1.6289688348770142
  ],
  "val_mae": [
    2.494995594024658,
    2.4734647274017334,
    2.4653098583221436,
    2.3848040103912354,
    2.465188980102539,
    2.4836642742156982,
    2.4320068359375,
    2.5287084579467773,
    2.4095778465270996,
    2.5283477306365967,
    2.4332756996154785,
    2.4641900062561035,
    2.476661205291748,
    2.512077808380127,
    2.382004737854004
  ],
  "final_val_mae": 2.466872453689575,
  "epochs": 15
}