{
  "loss": [
    132.5842742919922,
    66.27777099609375,
    58.03295135498047,
    53.21384811401367,
    50.269840240478516,
    48.32291793823242,
    49.606197357177734,
    47.195770263671875,
    45.23577117919922,
    44.5888671875,
    44.794776916503906,
    44.81473159790039,
    43.814762115478516,
    43.99774932861328,
    43.62388610839844,
    43.08115768432617
  ],
  "val_loss": [
    43.46809768676758,
    41.73411178588867,
    41.426300048828125,
    55.50321578979492,
    44.870845794677734,
    41.19300842285156,
    43.418052673339844,
    45.434566497802734,
    41.845619201660156,
    47.43806076049805,
    42.322166442871094,
    49.18248748779297,
    51.16287612915039,
    45.59080505371094,
    53.02178955078125,
    47.16443634033203
  ],
  "mae": [
    8.126506805419922,
    6.013551712036133,
    5.6350836753845215,
    5.417280673980713,
    5.25095272064209,
    5.158999443054199,
    5.2179274559021,
    5.084201812744141,
    5.003309726715088,
    4.95668888092041,
    4.96751594543457,
    4.950206756591797,
    4.9316301345825195,
    4.9315361976623535,
    4.889293193817139,
    4.867654323577881
  ],
  "val_mae": [
    4.427140235900879,
    4.656262397766113,
    4.6713337898254395,
    5.55661153793335,
    4.855556011199951,
    4.497152805328369,
    4.722387313842773,
    4.908407211303711,
    4.626556396484375,
    5.035913467407227,
    4.624066352844238,
    5.0943403244018555,
    5.260512351989746,
    4.866213321685791,
    5.312978267669678,
    4.992707252502441
  ],
  "final_val_mae": 4.5001912117004395,
  "epochs": 16
}