{
  "loss": [
    70.63309478759766,
    37.158302307128906,
    31.916902542114258,
    29.631322860717773,
    29.421438217163086,
    26.972620010375977,
    27.54427146911621,
    27.19106674194336,
    26.85555648803711,
    26.823617935180664,
    27.369600296020508,
    26.215484619140625,
    26.012502670288086,
    25.4996337890625
  ],
  "val_loss": [
    24.281288146972656,
    22.958837509155273,
    22.150127410888672,
    21.199560165405273,
    23.244009017944336,
    23.338409423828125,
    21.65057373046875,
    21.38892936706543,
    22.277894973754883,
    23.980802536010742,
    23.488956451416016,
    23.64826774597168,
    25.154605865478516,
    24.326725006103516
  ],
  "mae": [
    5.601568222045898,
    4.269098281860352,
    3.9158248901367188,
    3.741300582885742,
    3.70792818069458,
    3.5927047729492188,
    3.5947177410125732,
    3.5816566944122314,
    3.5646750926971436,
    3.5494465827941895,
    3.5917532444000244,
    3.499361753463745,
    3.4875733852386475,
    3.456526041030884
  ],
  "val_mae": [
    3.386733293533325,
    3.0773744583129883,
    2.970728874206543,
    2.9523236751556396,
    3.005970001220703,
    3.020899772644043,
    2.908935308456421,
    2.975780725479126,
    2.957148313522339,
    3.116161584854126,
    3.018160104751587,
    3.1090197563171387,
    3.1614623069763184,
    3.046999931335449
  ],
  "final_val_mae": 2.9427332878112793,
  "epochs": 14
}