{
  "loss": [
    69.88360595703125,
    31.408891677856445,
    29.514713287353516,
    28.476533889770508,
    28.681392669677734,
    28.43379020690918,
    27.93746566772461,
    29.044876098632812,
    27.922761917114258,
    27.822952270507812,
    27.390525817871094,
    27.3981990814209,
    27.241079330444336,
    27.074905395507812,
    28.81207275390625,
    28.475265502929688,
    27.941673278808594,
    27.532257080078125
  ],
  "val_loss": [
    28.346141815185547,
    27.97876739501953,
    28.301307678222656,
    27.460567474365234,
    32.3040771484375,
    31.538860321044922,
    34.88425064086914,
    26.36511993408203,
    27.30144691467285,
    27.79437255859375,
    29.651090621948242,
    28.643861770629883,
    29.76082420349121,
    29.602081298828125,
    27.128345489501953,
    26.857582092285156,
    26.37445640563965,
    26.552492141723633
  ],
  "mae": [
    6.475202560424805,
    4.320056915283203,
    4.214491367340088,
    4.130729675292969,
    4.138677597045898,
    4.128805637359619,
    4.0872955322265625,
    4.140846252441406,
    4.076784610748291,
    4.076324462890625,
    4.039299964904785,
    4.050822734832764,
    4.030147552490234,
    4.022163391113281,
    4.082264423370361,
    4.097780704498291,
    4.079676628112793,
    4.048022747039795
  ],
  "val_mae": [
    4.077388763427734,
    4.343797206878662,
    4.388832092285156,
    4.272337913513184,
    4.72566556930542,
    4.683794975280762,
    4.875434875488281,
    4.1575493812561035,
    4.293074131011963,
    4.341489791870117,
    4.531104564666748,
    4.427052974700928,
    4.500427722930908,
    4.468392372131348,
    4.108366012573242,
    4.185848236083984,
    4.1488518714904785,
    4.188961505889893
  ],
  "final_val_mae": 4.158387660980225,
  "epochs": 18
}