{
  "loss": [
    5.43315315246582,
    3.596545934677124,
    3.4837899208068848,
    3.419708013534546,
    3.435790777206421,
    3.397239923477173,
    3.3414387702941895,
    3.375850200653076,
    3.3657326698303223,
    3.3158979415893555,
    3.353217124938965,
    3.344656467437744,
    3.3545491695404053,
    3.3335394859313965,
    3.3172245025634766,
    3.3265955448150635,
    3.2950875759124756,
    3.31412672996521,
    3.3090147972106934,
    3.3112587928771973,
    3.303621530532837,
    3.326019525527954
  ],
  "val_loss": [
    2.172048330307007,
    1.9924370050430298,
    2.030594825744629,
    1.9653552770614624,
    2.0206687450408936,
    2.0600240230560303,
    1.9685301780700684,
    2.0752341747283936,
    2.0036442279815674,
    1.9387234449386597,
    2.0045037269592285,
    1.9353797435760498,
    1.9425877332687378,
    2.065217971801758,
    1.982896089553833,
    2.020127773284912,
    1.9780572652816772,
    1.9506301879882812,
    2.0247347354888916,
    1.9603163003921509,
    1.9515835046768188,
    2.0346035957336426
  ],
  "mae": [
    1.6382337808609009,
    1.4045562744140625,
    1.3779962062835693,
    1.3666208982467651,
    1.364155650138855,
    1.3549379110336304,
    1.349324345588684,
    1.3541207313537598,
    1.3547992706298828,
    1.3443081378936768,
    1.3525406122207642,
    1.3474777936935425,
    1.3507299423217773,
    1.3468414545059204,
    1.3443491458892822,
    1.3453238010406494,
    1.342087745666504,
    1.3428877592086792,
    1.341079831123352,
    1.344224452972412,
    1.3417539596557617,
    1.3457822799682617
  ],
  "val_mae": [
    1.2024190425872803,
    1.11147940158844,
    1.1263160705566406,
    1.0908687114715576,
    1.1156569719314575,
    1.131377100944519,
    1.0886350870132446,
    1.129029631614685,
    1.0962852239608765,
    1.0685842037200928,
    1.0944361686706543,
    1.0617088079452515,
    1.066285490989685,
    1.1258580684661865,
    1.086837649345398,
    1.1074382066726685,
    1.083438515663147,
    1.0697128772735596,
    1.1078425645828247,
    1.075738787651062,
    1.0727061033248901,
    1.1052581071853638
  ],
  "final_val_mae": 1.0620028972625732,
  "epochs": 22
}