{
  "loss": [
    48.50625991821289,
    29.423654556274414,
    27.085195541381836,
    24.71879768371582,
    24.303348541259766,
    23.75499153137207,
    23.154691696166992,
    23.250741958618164,
    22.659317016601562,
    22.353336334228516,
    22.434823989868164,
    22.26034927368164,
    22.13197898864746,
    22.032562255859375,
    22.130325317382812
  ],
  "val_loss": [
    20.700172424316406,
    20.330097198486328,
    20.53939437866211,
    22.50920867919922,
    19.577756881713867,
    21.738143920898438,
    22.164081573486328,
    22.2691593170166,
    20.215681076049805,
    21.352901458740234,
    21.16585350036621,
    20.048280715942383,
    21.17584991455078,
    20.210020065307617,
    20.396394729614258
  ],
  "mae": [
    4.081721305847168,
    3.5057475566864014,
    3.2589454650878906,
    3.006410837173462,
    2.89512038230896,
    2.895266532897949,
    2.825270652770996,
    2.7910609245300293,
    2.8189730644226074,
    2.7599661350250244,
    2.779069662094116,
    2.726954460144043,
    2.7233004570007324,
    2.7367613315582275,
    2.768805503845215
  ],
  "val_mae": [
    2.913187026977539,
    2.9094111919403076,
    2.9012770652770996,
    2.691798210144043,
    2.5815887451171875,
    2.730743646621704,
    2.638653516769409,
    2.577712297439575,
    2.5540874004364014,
    2.646682024002075,
    2.4709696769714355,
    2.6263906955718994,
    2.5974061489105225,
    2.4877142906188965,
    2.657003879547119
  ],
  "final_val_mae": 2.585437297821045,
  "epochs": 15
}