{
  "loss": [
    28.779369354248047,
    12.01678466796875,
    10.864303588867188,
    10.567883491516113,
    10.374898910522461,
    10.006119728088379,
    9.762177467346191,
    9.680081367492676,
    9.447530746459961,
    9.421692848205566,
    9.395710945129395,
    9.156292915344238,
    9.27096176147461,
    9.186101913452148,
    9.092554092407227,
    9.039408683776855,
    8.996463775634766,
    8.869343757629395,
    8.8611421585083,
    8.919076919555664,
    8.726948738098145
  ],
  "val_loss": [
    13.062851905822754,
    11.708885192871094,
    11.391860961914062,
    11.540512084960938,
    11.111040115356445,
    11.480499267578125,
    11.349635124206543,
    11.246521949768066,
    11.28278636932373,
    13.884900093078613,
    11.0819730758667,
    11.737154960632324,
    13.238565444946289,
    11.636678695678711,
    11.418587684631348,
    11.522051811218262,
    12.087836265563965,
    11.863367080688477,
    11.945555686950684,
    11.410760879516602,
    12.497350692749023
  ],
  "mae": [
    3.5957045555114746,
    2.452138900756836,
    2.373135566711426,
    2.3291573524475098,
    2.3097822666168213,
    2.2621982097625732,
    2.227961540222168,
    2.222487688064575,
    2.1902551651000977,
    2.1780049800872803,
    2.178474187850952,
    2.1546683311462402,
    2.156872510910034,
    2.1538033485412598,
    2.1361961364746094,
    2.13091778755188,
    2.1214101314544678,
    2.116150140762329,
    2.1075496673583984,
    2.106954574584961,
    2.0995688438415527
  ],
  "val_mae": [
    2.5669479370117188,
    2.519900321960449,
    2.4737277030944824,
    2.5171337127685547,
    2.4808034896850586,
    2.465170383453369,
    2.4827446937561035,
    2.4587514400482178,
    2.4320719242095947,
    2.6794795989990234,
    2.4363279342651367,
    2.4627208709716797,
    2.6151483058929443,
    2.4753286838531494,
    2.4386470317840576,
    2.4558310508728027,
    2.4936673641204834,
    2.4872848987579346,
    2.5045273303985596,
    2.43161940574646,
    2.5123627185821533
  ],
  "final_val_mae": 2.440396308898926,
  "epochs": 21
}