{
  "loss": [
    9.199257850646973,
    5.729175090789795,
    5.5015740394592285,
    5.4329328536987305,
    5.215062618255615,
    5.033817291259766,
    5.027256488800049,
    4.945649147033691,
    4.914401531219482,
    4.940823554992676,
    4.859501361846924,
    4.905961513519287
  ],
  "val_loss": [
    4.101051330566406,
    4.056951522827148,
    4.132360458374023,
    4.244118690490723,
    4.142655372619629,
    4.261331081390381,
    4.2735209465026855,
    4.108057022094727,
    4.252865791320801,
    4.221269607543945,
    4.1365156173706055,
    4.200674057006836
  ],
  "mae": [
    2.02773118019104,
    1.7145212888717651,
    1.6876742839813232,
    1.6762399673461914,
    1.6490209102630615,
    1.6264818906784058,
    1.6184682846069336,
    1.6053234338760376,
    1.606184720993042,
    1.6062241792678833,
    1.5933395624160767,
    1.6034289598464966
  ],
  "val_mae": [
    1.4557080268859863,
    1.4643326997756958,
    1.5221645832061768,
    1.5597097873687744,
    1.514736533164978,
    1.536048412322998,
    1.5351359844207764,
    1.4394546747207642,
    1.5002644062042236,
    1.4957553148269653,
    1.456478476524353,
    1.499334454536438
  ],
  "final_val_mae": 1.4654783010482788,
  "epochs": 12
}