{
  "loss": [
    182.59226989746094,
    81.53787231445312,
    67.57646942138672,
    64.53395080566406,
    61.400909423828125,
    57.10396194458008,
    56.784000396728516,
    57.06634521484375,
    54.65700149536133,
    54.52412033081055,
    52.971153259277344,
    50.69736862182617
  ],
  "val_loss": [
    51.63607406616211,
    51.30569839477539,
    82.38948059082031,
    54.70090866088867,
    68.20756530761719,
    55.23970413208008,
    77.74125671386719,
    80.29136657714844,
    58.681640625,
    56.496185302734375,
    79.6789321899414,
    72.2656021118164
  ],
  "mae": [
    7.501912593841553,
    5.658676624298096,
    5.077801704406738,
    4.6966962814331055,
    4.674415111541748,
    4.537529468536377,
    4.474360942840576,
    4.414041996002197,
    4.426980972290039,
    4.27306604385376,
    4.249955654144287,
    4.18793249130249
  ],
  "val_mae": [
    3.955094337463379,
    4.203262805938721,
    4.820935249328613,
    4.345210552215576,
    4.24796724319458,
    3.8895585536956787,
    4.252434253692627,
    4.589006423950195,
    3.6003222465515137,
    4.276960849761963,
    3.984980344772339,
    4.463939189910889
  ],
  "final_val_mae": 4.208045482635498,
  "epochs": 12
}