{
  "loss": [
    25.966344833374023,
    13.032980918884277,
    12.235936164855957,
    11.644583702087402,
    11.200817108154297,
    10.956154823303223,
    10.774158477783203,
    10.590327262878418,
    10.5825834274292,
    10.202261924743652,
    10.283914566040039,
    10.023726463317871,
    10.004377365112305,
    9.937917709350586,
    9.948741912841797
  ],
  "val_loss": [
    7.431689262390137,
    7.075039386749268,
    7.02156400680542,
    7.090527057647705,
    7.016477108001709,
    7.355955600738525,
    7.820108413696289,
    7.344001770019531,
    7.695454120635986,
    8.866477966308594,
    7.447597503662109,
    7.909080982208252,
    8.176835060119629,
    7.672278881072998,
    7.136545181274414
  ],
  "mae": [
    2.982614517211914,
    2.3177902698516846,
    2.245636224746704,
    2.1396851539611816,
    2.032041549682617,
    1.9961637258529663,
    1.9658654928207397,
    1.914797306060791,
    1.8975260257720947,
    1.850180983543396,
    1.8720415830612183,
    1.8364688158035278,
    1.841399073600769,
    1.8160568475723267,
    1.8212494850158691
  ],
  "val_mae": [
    1.6123780012130737,
    1.6058762073516846,
    1.5828869342803955,
    1.4574288129806519,
    1.3481273651123047,
    1.594645619392395,
    1.4992669820785522,
    1.3633962869644165,
    1.540286898612976,
    1.928091287612915,
    1.4901800155639648,
    1.594828724861145,
    1.5487490892410278,
    1.455424427986145,
    1.4758546352386475
  ],
  "final_val_mae": 1.350236177444458,
  "epochs": 15
}