{
  "loss": [
    109.62316131591797,
    48.079261779785156,
    42.570274353027344,
    39.43699645996094,
    37.42293930053711,
    37.38502502441406,
    36.78374099731445,
    35.8761100769043,
    34.88949966430664,
    34.061649322509766,
    34.006935119628906,
    33.08163070678711,
    33.26728439331055,
    32.95104217529297,
    32.26553726196289,
    32.88875198364258,
    32.14043426513672,
    31.986404418945312,
    31.644241333007812,
    31.737464904785156,
    31.294397354125977
  ],
  "val_loss": [
    39.92664337158203,
    34.93012237548828,
    36.1165885925293,
    34.713314056396484,
    35.943199157714844,
    34.299705505371094,
    35.35374069213867,
    35.70310974121094,
    35.9394645690918,
    37.78883361816406,
    34.04804992675781,
    37.086524963378906,
    35.538124084472656,
    37.257015228271484,
    38.84667205810547,
    36.683528900146484,
    43.948055267333984,
    36.924991607666016,
    36.58055877685547,
    40.536964416503906,
    35.077491760253906
  ],
  "mae": [
    7.5105719566345215,
    5.06898832321167,
    4.744978427886963,
    4.570498943328857,
    4.42933464050293,
    4.421507835388184,
    4.385320663452148,
    4.317841529846191,
    4.2538275718688965,
    4.193833351135254,
    4.209745407104492,
    4.13209342956543,
    4.152739524841309,
    4.126682281494141,
    4.084105014801025,
    4.144895076751709,
    4.079783916473389,
    4.04358434677124,
    4.04862117767334,
    4.052365779876709,
    4.0158586502075195
  ],
  "val_mae": [
    4.7022881507873535,
    4.198699474334717,
    4.266343116760254,
    4.144113540649414,
    4.1670145988464355,
    4.088626384735107,
    4.123964786529541,
    4.1797895431518555,
    4.256579399108887,
    4.331042766571045,
    4.137005805969238,
    4.292959690093994,
    4.184385299682617,
    4.273693561553955,
    4.392509460449219,
    4.276585102081299,
    4.566274642944336,
    4.235947132110596,
    4.2700395584106445,
    4.405820846557617,
    4.231547832489014
  ],
  "final_val_mae": 4.139908313751221,
  "epochs": 21
}