{
  "loss": [
    15.094396591186523,
    9.03905963897705,
    8.433244705200195,
    7.981749057769775,
    7.7736735343933105,
    7.591982364654541,
    7.585411071777344,
    7.580154895782471,
    7.5412797927856445,
    7.566737174987793,
    7.372753620147705,
    7.227837085723877,
    7.27148962020874
  ],
  "val_loss": [
    5.156736373901367,
    5.257030963897705,
    5.022417068481445,
    5.117125511169434,
    5.548273086547852,
    5.4535136222839355,
    5.244980812072754,
    5.319270133972168,
    5.648736476898193,
    5.220448970794678,
    5.205421447753906,
    5.5890984535217285,
    5.229292392730713
  ],
  "mae": [
    2.48555850982666,
    2.0803756713867188,
    2.0334742069244385,
    1.9614039659500122,
    1.9319573640823364,
    1.9155899286270142,
    1.8981229066848755,
    1.8960354328155518,
    1.8910752534866333,
    1.888620138168335,
    1.872004747390747,
    1.8522106409072876,
    1.8526463508605957
  ],
  "val_mae": [
    1.5740851163864136,
    1.6583197116851807,
    1.5310359001159668,
    1.571459412574768,
    1.6230717897415161,
    1.5261964797973633,
    1.5538206100463867,
    1.6198490858078003,
    1.6507716178894043,
    1.5607850551605225,
    1.4781323671340942,
    1.4967008829116821,
    1.5100793838500977
  ],
  "final_val_mae": 1.5323586463928223,
  "epochs": 13
}