{
  "loss": [
    9.495926856994629,
    6.152032852172852,
    6.0034074783325195,
    5.8348469734191895,
    5.7143683433532715,
    5.712597370147705,
    5.711882591247559,
    5.604791641235352,
    5.5795979499816895,
    5.603705406188965,
    5.517152786254883,
    5.536065578460693,
    5.4605183601379395,
    5.446164131164551,
    5.433072566986084,
    5.427327632904053,
    5.4766411781311035,
    5.430807590484619,
    5.452051639556885
  ],
  "val_loss": [
    4.1474528312683105,
    3.582202434539795,
    3.8771514892578125,
    3.614110231399536,
    3.765482187271118,
    3.6795990467071533,
    3.880798578262329,
    3.552018404006958,
    3.5383260250091553,
    3.932635545730591,
    3.772449493408203,
    3.7616400718688965,
    3.9733378887176514,
    3.797801971435547,
    3.5999765396118164,
    3.799602508544922,
    3.68375825881958,
    3.727935314178467,
    3.652083396911621
  ],
  "mae": [
    2.1296067237854004,
    1.8130778074264526,
    1.7810158729553223,
    1.762317180633545,
    1.7392441034317017,
    1.7376798391342163,
    1.7321100234985352,
    1.7184154987335205,
    1.712050437927246,
    1.7139800786972046,
    1.7004567384719849,
    1.7042055130004883,
    1.6929805278778076,
    1.687698483467102,
    1.6893664598464966,
    1.684222936630249,
    1.6878175735473633,
    1.6845964193344116,
    1.6912479400634766
  ],
  "val_mae": [
    1.5913443565368652,
    1.4266071319580078,
    1.536824345588684,
    1.4384740591049194,
    1.49180006980896,
    1.4585847854614258,
    1.5143951177597046,
    1.4078830480575562,
    1.395041823387146,
    1.5093846321105957,
    1.4827697277069092,
    1.4624978303909302,
    1.5087441205978394,
    1.4539259672164917,
    1.3935738801956177,
    1.4503446817398071,
    1.431354284286499,
    1.4352418184280396,
    1.416689157485962
  ],
  "final_val_mae": 1.3959567546844482,
  "epochs": 19
}