{
  "loss": [
    1054194.5,
    840367.8125,
    718666.4375,
    502211.71875,
    546509.0,
    317231.03125,
    328242.9375,
    505042.21875,
    366085.375,
    466390.21875,
    509861.40625,
    329389.1875,
    450747.46875,
    451071.6875,
    467837.625,
    423768.8125,
    419888.09375,
    332745.625,
    439092.46875,
    434696.78125,
    452987.1875,
    442287.28125,
    340717.78125,
    381598.71875,
    391629.1875,
    321039.40625
  ],
  "val_loss": [
    1185647.25,
    1026489.75,
    893569.0625,
    783416.0625,
    712366.8125,
    657568.9375,
    628892.9375,
    606400.3125,
    595116.5625,
    589600.6875,
    588444.375,
    600017.25,
    611870.0625,
    625496.625,
    642255.75,
    658603.25,
    671891.25,
    675854.4375,
    676473.4375,
    678490.0,
    668114.0,
    663108.8125,
    664608.75,
    657063.8125,
    641045.75,
    635772.875
  ],
  "mae": [
    786.4635009765625,
    663.7011108398438,
    611.8535766601562,
    527.5748291015625,
    486.7690124511719,
    413.9123840332031,
    414.8394470214844,
    518.0621948242188,
    443.7547607421875,
    515.4203491210938,
    515.5064086914062,
    421.0023498535156,
    499.7502746582031,
    466.2090759277344,
    508.6471862792969,
    480.14239501953125,
    457.9494323730469,
    425.9377746582031,
    476.3183288574219,
    443.3393249511719,
    490.9538269042969,
    474.9075012207031,
    448.2029113769531,
    430.6594543457031,
    442.3002014160156,
    393.4089050292969
  ],
  "val_mae": [
    878.648681640625,
    800.5652465820312,
    712.3052978515625,
    626.4620971679688,
    588.6334228515625,
    592.0121459960938,
    593.6798095703125,
    606.001220703125,
    605.7930908203125,
    603.9879150390625,
    597.1874389648438,
    592.8917846679688,
    586.0798950195312,
    583.4678344726562,
    581.3711547851562,
    579.662353515625,
    577.4605102539062,
    576.8150634765625,
    581.137451171875,
    581.8265991210938,
    578.34228515625,
    580.0679931640625,
    588.6447143554688,
    584.8988037109375,
    581.3500366210938,
    580.4019775390625
  ],
  "final_val_mae": 597.1874389648438,
  "epochs": 26,
  "warning": null
}