{
  "loss": [
    1456349.875,
    1032404.25,
    822435.25,
    569499.9375,
    443100.375,
    237035.453125,
    187404.96875,
    138712.609375,
    126855.1171875,
    186751.734375,
    159320.265625,
    265669.28125,
    219536.75,
    182906.140625,
    121783.8671875,
    163821.5,
    156095.78125,
    146266.484375,
    115063.828125,
    179966.046875,
    133240.390625,
    153095.40625,
    144636.984375,
    141445.34375,
    156339.390625,
    110546.5234375
  ],
  "val_loss": [
    871514.0,
    701298.375,
    557733.1875,
    428874.71875,
    320340.3125,
    245584.765625,
    197904.703125,
    174689.859375,
    162529.421875,
    160274.515625,
    159575.765625,
    160445.546875,
    163916.484375,
    168100.59375,
    173334.984375,
    179131.234375,
    182249.265625,
    181991.5,
    180555.765625,
    182163.1875,
    185115.421875,
    185070.125,
    193859.84375,
    190124.859375,
    185531.0,
    192404.203125
  ],
  "mae": [
    1070.493408203125,
    920.8535766601562,
    786.5092163085938,
    651.4512329101562,
    549.93017578125,
    391.8147277832031,
    342.5707092285156,
    305.0969543457031,
    239.78211975097656,
    311.08477783203125,
    297.1397705078125,
    388.39520263671875,
    335.21942138671875,
    304.7055969238281,
    270.820556640625,
    295.8506164550781,
    310.8074035644531,
    278.2760925292969,
    270.7254638671875,
    304.2247009277344,
    276.1591491699219,
    286.2445983886719,
    290.3345947265625,
    269.6605224609375,
    311.0015869140625,
    260.7319030761719
  ],
  "val_mae": [
    872.3262329101562,
    765.387451171875,
    661.9174194335938,
    552.004150390625,
    449.20721435546875,
    368.2021789550781,
    316.264404296875,
    322.47760009765625,
    326.38995361328125,
    326.1466064453125,
    323.9379577636719,
    318.5014953613281,
    315.2951354980469,
    315.813232421875,
    319.5964050292969,
    326.2472839355469,
    326.0074462890625,
    327.50390625,
    326.3343811035156,
    329.0843505859375,
    336.46099853515625,
    332.1841125488281,
    338.6389465332031,
    332.4294128417969,
    314.0308532714844,
    330.35760498046875
  ],
  "final_val_mae": 323.9379577636719,
  "epochs": 26,
  "warning": null
}