{
  "loss": [
    364247.78125,
    296421.625,
    292215.03125,
    251701.84375,
    196059.359375,
    139300.84375,
    136434.6875,
    159903.09375,
    96368.53125,
    77324.4375,
    96449.90625,
    112257.6328125,
    88145.59375,
    115920.546875,
    118349.1171875,
    82241.1953125,
    75761.828125,
    97862.3671875,
    68814.78125,
    101102.1953125,
    76367.6875,
    85064.65625,
    89955.96875,
    68926.53125,
    81134.796875,
    105927.8671875
  ],
  "val_loss": [
    288665.375,
    263003.3125,
    241450.9375,
    219098.5,
    202336.609375,
    186030.890625,
    170512.875,
    154967.890625,
    142482.859375,
    137262.6875,
    134632.171875,
    137368.59375,
    135382.484375,
    135228.6875,
    136896.5,
    138977.5,
    143291.203125,
    146358.734375,
    147719.296875,
    148301.890625,
    148602.890625,
    148705.96875,
    146838.4375,
    144776.484375,
    142982.25,
    142234.09375
  ],
  "mae": [
    502.25927734375,
    446.0367126464844,
    428.3910217285156,
    386.9188537597656,
    340.4031066894531,
    288.7656555175781,
    273.7326965332031,
    259.1995849609375,
    219.68748474121094,
    212.3872528076172,
    218.4775390625,
    249.97645568847656,
    237.53297424316406,
    243.65638732910156,
    241.77651977539062,
    202.81370544433594,
    213.38946533203125,
    208.16464233398438,
    194.57037353515625,
    215.2192840576172,
    197.53314208984375,
    196.2974090576172,
    197.83152770996094,
    195.32896423339844,
    209.83258056640625,
    242.35311889648438
  ],
  "val_mae": [
    440.1996765136719,
    411.8954772949219,
    388.6358337402344,
    364.2424011230469,
    342.2651062011719,
    318.11370849609375,
    303.2708740234375,
    292.0694274902344,
    291.2928466796875,
    297.3685302734375,
    302.0870361328125,
    308.1778564453125,
    306.2478332519531,
    305.5393371582031,
    305.1297302246094,
    304.0224914550781,
    306.0322265625,
    306.7274169921875,
    304.5403137207031,
    303.2567138671875,
    303.37042236328125,
    303.0460205078125,
    302.0041809082031,
    302.3517150878906,
    303.4785461425781,
    304.4136047363281
  ],
  "final_val_mae": 302.0870361328125,
  "epochs": 26,
  "warning": null
}