{
  "loss": [
    1649692.375,
    1294114.375,
    1167685.125,
    1031574.0625,
    773896.375,
    552947.125,
    419762.71875,
    291740.53125,
    252700.15625,
    219773.234375,
    389455.21875,
    404816.8125,
    129777.296875,
    218983.296875,
    206702.1875,
    127867.078125,
    143966.34375,
    200197.5,
    165695.625,
    213175.296875,
    132562.9375,
    239861.1875,
    156049.859375,
    174110.6875,
    180633.9375,
    214577.765625
  ],
  "val_loss": [
    1063313.25,
    942798.5625,
    825182.625,
    719238.8125,
    595155.625,
    481760.375,
    372502.3125,
    290492.34375,
    185565.40625,
    134889.515625,
    134088.40625,
    151240.84375,
    158051.015625,
    193563.265625,
    205021.84375,
    201083.84375,
    188122.8125,
    194564.5625,
    203041.1875,
    191286.953125,
    191337.546875,
    200715.390625,
    211314.359375,
    212815.390625,
    205641.734375,
    206609.453125
  ],
  "mae": [
    1175.7237548828125,
    1044.24462890625,
    987.9808959960938,
    907.3051147460938,
    784.3208618164062,
    664.5125122070312,
    520.5516357421875,
    452.7166748046875,
    399.3422546386719,
    367.38787841796875,
    445.7406921386719,
    441.9930419921875,
    278.9212646484375,
    348.4595642089844,
    343.4960021972656,
    269.4509582519531,
    293.084716796875,
    321.4216613769531,
    310.1320495605469,
    361.1816101074219,
    297.35089111328125,
    378.9073181152344,
    332.7032775878906,
    339.0496826171875,
    350.74627685546875,
    350.8309631347656
  ],
  "val_mae": [
    964.9410400390625,
    898.9349365234375,
    833.5907592773438,
    767.5916137695312,
    677.4738159179688,
    586.6296997070312,
    485.7704162597656,
    421.68731689453125,
    356.1695251464844,
    335.8316650390625,
    336.8138732910156,
    353.4703063964844,
    356.8551025390625,
    388.62030029296875,
    381.7798767089844,
    377.708984375,
    366.4594421386719,
    366.737548828125,
    378.17266845703125,
    365.2494812011719,
    367.5044250488281,
    382.3561706542969,
    388.7080078125,
    386.3994445800781,
    372.6453857421875,
    368.9539794921875
  ],
  "final_val_mae": 336.8138732910156,
  "epochs": 26,
  "warning": null
}