{
  "loss": [
    12.818042755126953,
    7.391154766082764,
    4.526726245880127,
    2.2584400177001953,
    2.4429335594177246,
    1.407266616821289,
    1.5755701065063477,
    1.8431528806686401,
    1.1310303211212158,
    1.741758942604065,
    1.6373178958892822,
    1.0326035022735596,
    1.0568313598632812,
    1.1646087169647217,
    0.9576366543769836,
    1.1569321155548096,
    1.0611515045166016,
    1.3137447834014893,
    0.7012359499931335,
    0.847208559513092,
    0.9911432266235352,
    1.0645214319229126,
    0.9607097506523132
  ],
  "val_loss": [
    10546.7158203125,
    10152.9521484375,
    9809.1142578125,
    9505.2548828125,
    9237.0205078125,
    9029.5654296875,
    8939.7802734375,
    8934.322265625,
    8968.703125,
    9046.8115234375,
    9148.720703125,
    9250.71484375,
    9336.9736328125,
    9412.203125,
    9465.6962890625,
    9497.2724609375,
    9510.57421875,
    9512.7548828125,
    9500.630859375,
    9486.1611328125,
    9478.3193359375,
    9461.044921875,
    9446.4794921875
  ],
  "mae": [
    3.052410364151001,
    2.3813722133636475,
    1.7496914863586426,
    1.1297423839569092,
    1.0658634901046753,
    0.8666422963142395,
    0.9320034980773926,
    1.0325325727462769,
    0.7898262739181519,
    1.0524400472640991,
    1.004422664642334,
    0.7219972610473633,
    0.7843805551528931,
    0.8402420878410339,
    0.6418324708938599,
    0.7506091594696045,
    0.7006517052650452,
    0.7753810286521912,
    0.5652191638946533,
    0.628624677658081,
    0.6820433735847473,
    0.6952202916145325,
    0.7114748954772949
  ],
  "val_mae": [
    46.78017807006836,
    45.21164321899414,
    43.75143051147461,
    42.40108871459961,
    41.171329498291016,
    40.237422943115234,
    39.96266555786133,
    39.992088317871094,
    40.10392761230469,
    40.306915283203125,
    40.53932189941406,
    40.77299880981445,
    41.09478759765625,
    41.42447280883789,
    41.64341735839844,
    41.76203918457031,
    41.80479431152344,
    41.79170608520508,
    41.707523345947266,
    41.62663269042969,
    41.56803894042969,
    41.47384262084961,
    41.406795501708984
  ],
  "final_val_mae": 39.992088317871094,
  "epochs": 23,
  "warning": null
}