{
  "loss": [
    859011.375,
    788810.0625,
    645038.5625,
    533958.6875,
    471920.8125,
    367241.3125,
    354075.875,
    290495.9375,
    314411.46875,
    263046.59375,
    314204.90625,
    296461.21875,
    290512.40625,
    268325.875,
    210080.1875,
    257727.90625,
    252237.140625,
    299973.59375,
    267687.0,
    255524.90625,
    250301.6875,
    257773.0,
    256303.140625,
    229537.953125,
    227039.5,
    225704.484375,
    246029.359375,
    243863.734375,
    256199.15625,
    195116.734375,
    206686.25,
    238492.3125,
    209878.90625,
    260646.15625,
    233616.265625,
    238117.109375,
    233905.09375,
    228103.0625,
    227518.546875,
    206973.515625,
    213694.859375,
    253502.0,
    232237.1875,
    212074.046875,
    216107.515625,
    207095.265625,
    245674.09375,
    204360.65625,
    302766.625,
    233127.296875
  ],
  "val_loss": [
    1359399.125,
    1198793.75,
    1036673.75,
    903944.5625,
    799064.625,
    692515.6875,
    612159.6875,
    550114.0,
    550249.0625,
    544805.8125,
    540543.25,
    532841.625,
    539658.9375,
    538813.0,
    554722.75,
    538587.4375,
    560935.5,
    570224.3125,
    562971.375,
    544657.0625,
    549024.0625,
    545506.375,
    534286.9375,
    530476.9375,
    552699.6875,
    555579.75,
    566807.5625,
    555394.0625,
    564051.5625,
    560428.0,
    541119.4375,
    528888.9375,
    523870.40625,
    525925.625,
    520145.09375,
    516419.46875,
    517369.53125,
    518096.90625,
    534231.4375,
    543433.5625,
    546059.3125,
    543381.4375,
    539310.0,
    536115.5625,
    546381.5625,
    545170.25,
    554423.75,
    571069.75,
    591844.0,
    593605.3125
  ],
  "mae": [
    793.2099609375,
    733.6963500976562,
    669.359619140625,
    596.21240234375,
    534.7640380859375,
    448.38360595703125,
    441.83740234375,
    388.21795654296875,
    423.89501953125,
    392.1345520019531,
    418.38055419921875,
    420.98419189453125,
    443.5236511230469,
    384.93231201171875,
    349.8558349609375,
    380.8359069824219,
    384.8145446777344,
    419.1955871582031,
    395.9779052734375,
    383.8182678222656,
    363.5838623046875,
    372.8967590332031,
    362.8757629394531,
    360.7292785644531,
    361.2908020019531,
    348.2164306640625,
    374.8092956542969,
    382.9664001464844,
    382.7485046386719,
    326.9538269042969,
    330.1117248535156,
    388.7339782714844,
    341.0796203613281,
    363.7088623046875,
    355.97625732421875,
    387.2846984863281,
    353.3006591796875,
    330.8838195800781,
    357.0762939453125,
    357.87091064453125,
    354.21160888671875,
    371.8277587890625,
    386.0990295410156,
    349.3669128417969,
    355.5793151855469,
    350.0164794921875,
    363.3543701171875,
    352.732666015625,
    401.84490966796875,
    370.1103820800781
  ],
  "val_mae": [
    962.0180053710938,
    872.0955200195312,
    781.6358032226562,
    704.7568359375,
    635.7429809570312,
    597.5830078125,
    594.666015625,
    588.2730712890625,
    606.2579345703125,
    618.12939453125,
    621.5736083984375,
    617.1166381835938,
    607.2860107421875,
    608.4946899414062,
    614.849365234375,
    601.9706420898438,
    612.2229614257812,
    617.2537841796875,
    603.54443359375,
    596.7402954101562,
    600.2059326171875,
    602.6434936523438,
    593.6134033203125,
    599.6013793945312,
    604.4323120117188,
    604.2632446289062,
    606.9204711914062,
    604.1680297851562,
    615.1095581054688,
    616.5359497070312,
    610.33154296875,
    599.693603515625,
    601.653564453125,
    602.5780639648438,
    594.5560302734375,
    588.458740234375,
    592.0347290039062,
    590.785888671875,
    600.8399047851562,
    609.0503540039062,
    608.4120483398438,
    606.5147705078125,
    605.9155883789062,
    602.37890625,
    608.0546264648438,
    598.3802490234375,
    603.7460327148438,
    625.9559936523438,
    628.496826171875,
    627.5546264648438
  ],
  "final_val_mae": 627.5546264648438,
  "epochs": 50,
  "warning": null
}