{
  "loss": [
    710270.1875,
    632624.75,
    525812.25,
    358846.46875,
    281019.6875,
    272915.96875,
    236919.84375,
    208903.546875,
    257354.609375,
    295636.46875,
    219648.359375,
    204620.703125,
    235250.859375,
    191333.5625,
    186714.296875,
    234738.234375,
    194776.734375,
    156544.359375,
    209503.203125,
    158893.0625,
    149996.640625
  ],
  "val_loss": [
    999448.75,
    862410.0,
    656802.625,
    417920.09375,
    289382.375,
    228479.5,
    244564.453125,
    233870.140625,
    270972.0,
    267619.03125,
    284054.90625,
    310236.625,
    302051.0625,
    339715.125,
    332713.625,
    349204.53125,
    383348.0,
    387569.59375,
    405548.03125,
    413624.375,
    426261.28125
  ],
  "mae": [
    771.1214599609375,
    679.5629272460938,
    616.072021484375,
    516.9656982421875,
    422.01971435546875,
    425.2320556640625,
    389.5358581542969,
    375.6181335449219,
    424.9930419921875,
    448.1539001464844,
    394.6606140136719,
    346.0400695800781,
    379.283203125,
    371.2384033203125,
    355.3763732910156,
    385.3861083984375,
    362.8710632324219,
    330.47039794921875,
    375.7939453125,
    343.3975830078125,
    308.4718933105469
  ],
  "val_mae": [
    862.6076049804688,
    806.5380249023438,
    666.0316772460938,
    529.183837890625,
    452.9032287597656,
    385.5079040527344,
    422.3428039550781,
    429.57208251953125,
    457.9724426269531,
    444.2825927734375,
    467.943359375,
    481.2820129394531,
    464.1289978027344,
    477.4763488769531,
    480.4024658203125,
    512.0289306640625,
    549.291015625,
    547.0845336914062,
    574.342041015625,
    574.6869506835938,
    577.3572998046875
  ],
  "final_val_mae": 385.5079040527344,
  "epochs": 21,
  "warning": null
}