{
  "loss": [
    4314602.0,
    2972783.0,
    2549995.75,
    2069202.5,
    1490199.5,
    1086755.125,
    1187548.125,
    824219.5625,
    599441.0625,
    750203.25,
    837882.9375,
    638205.125,
    910706.625,
    574967.5625,
    556849.375,
    661898.375,
    818952.5625,
    744720.3125,
    628750.0,
    666495.6875,
    454939.1875,
    568154.9375,
    454082.8125,
    455703.59375,
    478112.03125,
    379353.46875,
    502721.90625,
    556809.25,
    506965.375,
    492247.0,
    314598.53125,
    415738.375
  ],
  "val_loss": [
    954756.25,
    799512.0,
    655807.4375,
    515400.28125,
    399154.09375,
    307820.28125,
    202339.703125,
    140788.46875,
    81411.609375,
    65356.37109375,
    53503.2265625,
    47595.640625,
    49447.875,
    46877.19921875,
    42645.31640625,
    43569.03125,
    38903.16796875,
    43990.9375,
    43275.625,
    69701.59375,
    86004.1328125,
    108872.046875,
    124120.203125,
    130469.15625,
    131438.046875,
    132531.6875,
    124259.9296875,
    125039.71875,
    124138.7578125,
    115490.2734375,
    110596.5546875,
    113421.078125
  ],
  "mae": [
    1813.65576171875,
    1525.7918701171875,
    1378.14013671875,
    1219.63720703125,
    1018.1475219726562,
    836.811767578125,
    848.061767578125,
    714.1357421875,
    635.65234375,
    614.2782592773438,
    635.9845581054688,
    568.2105712890625,
    662.4478149414062,
    533.76220703125,
    555.2891235351562,
    626.0639038085938,
    652.1908569335938,
    607.4756469726562,
    575.0722045898438,
    516.7103271484375,
    505.7708740234375,
    548.0585327148438,
    535.8175659179688,
    515.5919189453125,
    548.6095581054688,
    487.6729736328125,
    569.134033203125,
    574.3553466796875,
    522.175048828125,
    496.8877868652344,
    443.0859069824219,
    467.9757080078125
  ],
  "val_mae": [
    948.577392578125,
    860.8358764648438,
    771.371337890625,
    675.5818481445312,
    582.6301879882812,
    502.7538146972656,
    392.7241516113281,
    312.1573486328125,
    234.03330993652344,
    205.66294860839844,
    189.67071533203125,
    174.7433624267578,
    172.72886657714844,
    181.03334045410156,
    166.36517333984375,
    167.1973419189453,
    165.86050415039062,
    173.89076232910156,
    155.10879516601562,
    219.63111877441406,
    239.96983337402344,
    268.7510070800781,
    290.50445556640625,
    300.6786804199219,
    300.1340026855469,
    302.7032470703125,
    285.0386047363281,
    285.77410888671875,
    286.88458251953125,
    273.95025634765625,
    267.7947998046875,
    270.8060302734375
  ],
  "final_val_mae": 165.86050415039062,
  "epochs": 32,
  "warning": null
}