{
  "loss": [
    466339.6875,
    407175.71875,
    251086.265625,
    262306.03125,
    218050.140625,
    217320.515625,
    182523.5,
    191631.890625,
    180495.78125,
    214333.265625,
    209221.734375,
    158164.8125,
    202925.140625,
    135206.28125,
    167635.65625,
    176498.25,
    204869.25,
    168625.515625,
    187377.390625,
    139875.640625,
    143475.390625,
    199654.5,
    228718.6875,
    172298.9375,
    136807.59375,
    156496.109375,
    218574.9375,
    153458.6875,
    156749.46875,
    163537.8125,
    155075.109375,
    186225.515625,
    220069.65625,
    148109.734375,
    201732.765625,
    123216.6171875,
    162729.3125,
    165037.09375
  ],
  "val_loss": [
    612688.0625,
    532062.625,
    457741.90625,
    403742.46875,
    367617.71875,
    334267.1875,
    314433.46875,
    303541.3125,
    301458.625,
    302474.75,
    305474.875,
    305364.71875,
    314444.78125,
    316985.0,
    317124.90625,
    331252.375,
    327309.90625,
    322179.0625,
    314284.71875,
    306925.5,
    298478.46875,
    291413.71875,
    288524.65625,
    298720.0625,
    300869.96875,
    299831.21875,
    295831.4375,
    295385.0625,
    296762.59375,
    297534.46875,
    298930.125,
    306639.875,
    310016.09375,
    306362.59375,
    306493.21875,
    308661.6875,
    306648.53125,
    302757.25
  ],
  "mae": [
    508.1903381347656,
    458.01385498046875,
    358.50311279296875,
    357.674072265625,
    323.75762939453125,
    337.6379699707031,
    302.7444152832031,
    305.1087646484375,
    301.8405456542969,
    331.6808166503906,
    335.7841491699219,
    277.61114501953125,
    331.5538024902344,
    281.4351501464844,
    304.26544189453125,
    305.4838562011719,
    318.8862609863281,
    305.1846923828125,
    311.5028381347656,
    278.7294006347656,
    273.5640869140625,
    319.30712890625,
    333.0143127441406,
    296.9242858886719,
    273.0169982910156,
    300.0238342285156,
    332.02032470703125,
    283.5458679199219,
    297.7453308105469,
    300.64776611328125,
    298.42059326171875,
    323.2756652832031,
    347.6642761230469,
    282.81573486328125,
    305.41046142578125,
    265.5815734863281,
    309.0480651855469,
    304.318603515625
  ],
  "val_mae": [
    665.0059204101562,
    592.543212890625,
    528.12109375,
    473.64080810546875,
    441.72625732421875,
    417.8891296386719,
    408.6547546386719,
    404.9927978515625,
    408.9782409667969,
    410.8057556152344,
    410.8848876953125,
    407.5581359863281,
    413.67449951171875,
    412.9514465332031,
    410.4948425292969,
    421.2806396484375,
    420.6758728027344,
    425.7464904785156,
    422.3462219238281,
    415.6052551269531,
    414.9687194824219,
    411.3216552734375,
    409.6890563964844,
    414.5602722167969,
    414.9018249511719,
    414.0582275390625,
    411.6156921386719,
    410.4248962402344,
    409.55029296875,
    409.0901184082031,
    410.7826232910156,
    417.9580078125,
    415.439453125,
    412.3773193359375,
    411.7073974609375,
    415.67694091796875,
    415.0386047363281,
    412.8506774902344
  ],
  "final_val_mae": 409.6890563964844,
  "epochs": 38,
  "warning": null
}