{
  "loss": [
    2274337.75,
    2035608.75,
    1579458.5,
    1236362.0,
    1164535.5,
    886023.9375,
    677500.375,
    531378.5,
    392035.46875,
    354714.4375,
    289710.0625,
    382572.21875,
    386103.8125,
    274969.21875,
    313128.40625,
    339748.4375,
    242748.234375,
    396223.6875,
    253627.390625,
    277170.4375,
    204990.546875,
    297319.625,
    287464.90625,
    256219.484375,
    278969.4375,
    344931.5,
    230679.453125,
    304172.46875,
    185408.53125,
    242412.34375,
    192372.390625,
    368109.03125
  ],
  "val_loss": [
    1865997.25,
    1522488.5,
    1237150.625,
    1005309.0625,
    774639.625,
    597983.0625,
    461860.03125,
    358882.125,
    292759.84375,
    238805.5,
    205177.5625,
    190506.21875,
    227465.984375,
    217515.953125,
    208801.703125,
    205220.390625,
    179339.234375,
    183382.40625,
    203608.09375,
    215550.234375,
    203693.8125,
    200600.1875,
    230516.796875,
    218504.140625,
    208624.484375,
    226207.984375,
    219084.84375,
    203662.265625,
    206365.734375,
    189354.25,
    182845.109375,
    182386.796875
  ],
  "mae": [
    1463.8416748046875,
    1356.415283203125,
    1196.2010498046875,
    1057.86181640625,
    1011.2979125976562,
    835.5343627929688,
    748.8348999023438,
    661.759521484375,
    525.839111328125,
    514.379150390625,
    432.3285827636719,
    477.7738952636719,
    465.6958312988281,
    373.2073059082031,
    424.7728576660156,
    455.4323425292969,
    393.0323181152344,
    490.5293273925781,
    388.3139343261719,
    385.8966064453125,
    352.85333251953125,
    452.0959777832031,
    410.9986267089844,
    405.8874206542969,
    421.3754577636719,
    457.0101623535156,
    401.0846862792969,
    442.49609375,
    332.4423522949219,
    393.73876953125,
    357.6609802246094,
    447.4848327636719
  ],
  "val_mae": [
    1287.0155029296875,
    1147.1561279296875,
    1018.033203125,
    894.0977172851562,
    757.5675659179688,
    645.7632446289062,
    554.7882080078125,
    480.5362243652344,
    416.11505126953125,
    370.8115234375,
    367.96563720703125,
    378.65936279296875,
    417.2490234375,
    414.2473449707031,
    395.3521728515625,
    386.8122253417969,
    380.6831359863281,
    380.2518615722656,
    383.66778564453125,
    388.93963623046875,
    373.12322998046875,
    372.9765319824219,
    406.0404357910156,
    389.9325866699219,
    380.1963195800781,
    409.4478454589844,
    424.20428466796875,
    407.9264831542969,
    405.9736328125,
    388.2271728515625,
    393.0169982910156,
    387.5791931152344
  ],
  "final_val_mae": 380.6831359863281,
  "epochs": 32,
  "warning": null
}