{
  "loss": [
    67634.1796875,
    50374.67578125,
    39486.890625,
    30063.125,
    23268.17578125,
    14889.3095703125,
    17373.18359375,
    19243.955078125,
    14313.68359375,
    11875.9873046875,
    13597.2158203125,
    13943.2431640625,
    8517.4052734375,
    7687.4873046875,
    10668.5048828125,
    12998.271484375,
    14029.0595703125,
    13612.3603515625,
    7518.96875,
    11973.9521484375,
    13913.2529296875,
    14122.7724609375,
    8637.3056640625
  ],
  "val_loss": [
    80930.8125,
    66381.28125,
    53540.578125,
    37531.34765625,
    25571.279296875,
    16604.193359375,
    14191.34765625,
    14169.2998046875,
    14512.32421875,
    14817.427734375,
    15727.3623046875,
    17047.337890625,
    17927.720703125,
    18365.0859375,
    18353.560546875,
    17766.826171875,
    17442.6484375,
    18956.681640625,
    20635.080078125,
    22211.86328125,
    23153.158203125,
    23266.5234375,
    22684.236328125
  ],
  "mae": [
    241.91659545898438,
    209.11451721191406,
    181.2810516357422,
    148.86135864257812,
    123.14506530761719,
    96.1806640625,
    102.4522476196289,
    103.55290985107422,
    86.71951293945312,
    82.80859375,
    86.11930084228516,
    77.73143768310547,
    72.576171875,
    69.10466766357422,
    80.15686798095703,
    93.12854766845703,
    82.82538604736328,
    85.38516235351562,
    71.59817504882812,
    79.53482818603516,
    86.94034576416016,
    79.80828094482422,
    70.36085510253906
  ],
  "val_mae": [
    258.5549011230469,
    227.54978942871094,
    197.76651000976562,
    163.66400146484375,
    129.4964599609375,
    97.16494750976562,
    92.75049591064453,
    94.5693359375,
    96.10525512695312,
    96.4057846069336,
    96.60627746582031,
    98.73014831542969,
    99.8604507446289,
    104.1269760131836,
    104.49510955810547,
    103.4289779663086,
    103.8600845336914,
    105.23745727539062,
    107.45857238769531,
    112.03337097167969,
    115.68854522705078,
    116.59410858154297,
    115.8514175415039
  ],
  "final_val_mae": 94.5693359375,
  "epochs": 23,
  "warning": null
}