{
  "loss": [
    318929.09375,
    191375.234375,
    162092.6875,
    106882.40625,
    137439.5625,
    114231.171875,
    153704.8125,
    64442.83984375,
    114933.7734375,
    115374.7734375,
    89411.1953125,
    78752.3671875,
    96382.1015625,
    79917.1328125,
    88185.1171875,
    61198.875,
    70885.78125,
    75818.0703125,
    66524.3828125,
    121751.28125,
    90983.7734375,
    70856.234375
  ],
  "val_loss": [
    299403.375,
    235178.90625,
    191453.359375,
    166932.1875,
    151387.0625,
    144541.09375,
    134935.046875,
    137921.9375,
    139763.59375,
    149320.6875,
    149369.21875,
    154026.859375,
    163306.6875,
    175188.0625,
    181754.9375,
    183541.515625,
    185772.015625,
    177394.65625,
    173250.9375,
    161880.0625,
    147539.46875,
    142351.609375
  ],
  "mae": [
    423.78192138671875,
    310.37713623046875,
    280.5425720214844,
    247.154296875,
    266.0738525390625,
    245.57113647460938,
    276.0374755859375,
    185.91456604003906,
    243.37588500976562,
    224.70208740234375,
    235.57852172851562,
    204.31910705566406,
    222.93975830078125,
    200.976806640625,
    218.58949279785156,
    180.18365478515625,
    183.25315856933594,
    214.71119689941406,
    187.0322265625,
    238.80259704589844,
    216.91033935546875,
    194.62051391601562
  ],
  "val_mae": [
    446.56866455078125,
    381.3869323730469,
    332.2560729980469,
    298.1610107421875,
    272.7820129394531,
    262.7752990722656,
    252.6220703125,
    258.7959899902344,
    260.3456115722656,
    269.7284851074219,
    270.6431884765625,
    272.72650146484375,
    282.8804931640625,
    294.65753173828125,
    304.7359313964844,
    308.1031494140625,
    311.8159484863281,
    302.8038330078125,
    296.3646240234375,
    283.6266174316406,
    262.9364929199219,
    259.0411376953125
  ],
  "final_val_mae": 252.6220703125,
  "epochs": 22,
  "warning": null
}