{
  "loss": [
    153203.765625,
    144191.234375,
    119759.5234375,
    91911.203125,
    87305.6328125,
    90813.4296875,
    87274.5546875,
    87279.609375,
    103020.8984375,
    100353.3671875,
    123492.75,
    81153.0546875,
    91126.921875,
    85974.4296875,
    82170.7578125,
    74191.2734375,
    78631.703125,
    92132.078125,
    82206.1171875,
    69216.84375,
    83639.84375,
    73240.5546875,
    69618.3984375,
    75422.2890625
  ],
  "val_loss": [
    226874.1875,
    191955.09375,
    167139.109375,
    144716.640625,
    126149.7734375,
    113503.6484375,
    106195.71875,
    103559.59375,
    102249.6015625,
    103042.0,
    105510.5234375,
    111081.171875,
    113823.4921875,
    120735.0703125,
    123742.9296875,
    123860.375,
    125488.2578125,
    126360.1171875,
    123966.0546875,
    122096.8515625,
    117120.203125,
    112547.8515625,
    109990.921875,
    108857.296875
  ],
  "mae": [
    330.0417785644531,
    315.6736145019531,
    288.5455017089844,
    247.25022888183594,
    226.75013732910156,
    222.22576904296875,
    214.09568786621094,
    207.94204711914062,
    236.02529907226562,
    221.12388610839844,
    250.08731079101562,
    214.49600219726562,
    222.73202514648438,
    219.71080017089844,
    199.15176391601562,
    204.25274658203125,
    208.87547302246094,
    227.10455322265625,
    215.25453186035156,
    206.25546264648438,
    212.79336547851562,
    206.56085205078125,
    204.11903381347656,
    200.51089477539062
  ],
  "val_mae": [
    401.3856201171875,
    353.8736267089844,
    323.49871826171875,
    294.3612060546875,
    267.3730773925781,
    248.91424560546875,
    241.50863647460938,
    237.59104919433594,
    236.99888610839844,
    238.47796630859375,
    241.70809936523438,
    247.01904296875,
    249.5879364013672,
    257.4602355957031,
    261.3245849609375,
    262.6227722167969,
    265.0204772949219,
    265.20574951171875,
    260.0577392578125,
    257.60662841796875,
    253.20750427246094,
    245.9569854736328,
    242.22581481933594,
    242.03875732421875
  ],
  "final_val_mae": 236.99888610839844,
  "epochs": 24,
  "warning": null
}