{
  "loss": [
    935852.1875,
    868539.0625,
    606110.625,
    551975.4375,
    487256.8125,
    474595.21875,
    398644.375,
    326755.875,
    335888.1875,
    340363.71875,
    359235.90625,
    325094.375,
    374805.09375,
    339481.0,
    279390.28125,
    331691.15625,
    292542.96875,
    364751.28125,
    345545.6875,
    351749.125,
    372048.21875,
    331974.40625,
    315843.28125,
    299046.21875,
    276363.375,
    368797.3125,
    271759.625,
    377613.53125,
    351154.875,
    325752.375,
    379190.53125,
    238132.234375,
    317325.8125,
    357929.28125,
    245975.296875,
    289863.15625
  ],
  "val_loss": [
    637066.1875,
    549663.5625,
    474932.90625,
    415208.375,
    369155.21875,
    339264.15625,
    301088.96875,
    273557.03125,
    251451.0,
    236738.0,
    228037.5,
    229506.15625,
    239080.0,
    237377.90625,
    233396.640625,
    238255.703125,
    239158.015625,
    251587.640625,
    229890.5,
    232242.09375,
    225340.5,
    241165.984375,
    240386.046875,
    242785.90625,
    243557.15625,
    243555.984375,
    249296.6875,
    251360.59375,
    255364.734375,
    256854.3125,
    259261.046875,
    262588.40625,
    265207.0,
    274842.5,
    261348.265625,
    258033.6875
  ],
  "mae": [
    767.4339599609375,
    713.947265625,
    590.1968383789062,
    563.8386840820312,
    510.64990234375,
    513.7401733398438,
    477.5062255859375,
    434.06317138671875,
    448.49383544921875,
    443.2502746582031,
    488.76092529296875,
    450.98406982421875,
    467.0640869140625,
    456.4215087890625,
    397.1598815917969,
    463.3199462890625,
    415.56524658203125,
    457.89666748046875,
    442.3312683105469,
    470.0915222167969,
    462.2815246582031,
    439.28466796875,
    424.9950256347656,
    421.7145690917969,
    414.0198059082031,
    457.2186584472656,
    401.5990295410156,
    459.7516784667969,
    470.3369140625,
    422.5104675292969,
    457.8065490722656,
    392.3091125488281,
    431.9117126464844,
    465.8560485839844,
    400.99139404296875,
    443.7065124511719
  ],
  "val_mae": [
    672.763916015625,
    617.56640625,
    561.18115234375,
    507.6177978515625,
    463.7788391113281,
    434.7532043457031,
    399.2666015625,
    367.0253601074219,
    351.3616943359375,
    344.08380126953125,
    349.2441101074219,
    347.6560974121094,
    351.5906677246094,
    350.0685729980469,
    347.515380859375,
    349.61181640625,
    343.8035888671875,
    348.78790283203125,
    337.6054992675781,
    338.537109375,
    330.2293701171875,
    344.4405212402344,
    345.5387268066406,
    348.61798095703125,
    350.8819580078125,
    352.69854736328125,
    357.826416015625,
    359.6760559082031,
    361.0166320800781,
    363.0972900390625,
    361.73968505859375,
    363.76971435546875,
    362.6141357421875,
    362.9074401855469,
    354.0752258300781,
    353.55609130859375
  ],
  "final_val_mae": 330.2293701171875,
  "epochs": 36,
  "warning": null
}