{
  "loss": [
    253825.046875,
    187175.171875,
    160387.4375,
    114597.96875,
    71005.921875,
    50209.77734375,
    41769.875,
    35097.9453125,
    34492.171875,
    38088.203125,
    37036.33203125,
    35587.03515625,
    39830.59765625,
    35812.8359375,
    26297.841796875,
    28543.880859375,
    30789.599609375,
    40502.4375,
    31525.8125,
    31213.099609375,
    27144.310546875,
    38890.921875,
    38566.140625,
    38997.765625,
    27592.712890625
  ],
  "val_loss": [
    294074.78125,
    243484.109375,
    198300.265625,
    163368.5625,
    130191.7734375,
    102559.921875,
    78781.1171875,
    59393.50390625,
    52999.8984375,
    48974.51171875,
    53358.96484375,
    61946.703125,
    60662.1875,
    60040.5,
    54942.125,
    50852.953125,
    55903.48828125,
    60468.81640625,
    64036.3359375,
    66906.921875,
    66479.390625,
    65404.56640625,
    64264.86328125,
    61233.75,
    61150.15234375
  ],
  "mae": [
    470.3167724609375,
    400.6134948730469,
    360.4150390625,
    296.1199951171875,
    220.4320831298828,
    184.72381591796875,
    163.34710693359375,
    145.9198760986328,
    134.1909637451172,
    154.5467529296875,
    156.28074645996094,
    139.91416931152344,
    154.4104461669922,
    144.869384765625,
    119.40048217773438,
    125.37875366210938,
    135.16845703125,
    162.79100036621094,
    140.39996337890625,
    133.03773498535156,
    130.69488525390625,
    150.0557098388672,
    164.08387756347656,
    146.50437927246094,
    126.02861022949219
  ],
  "val_mae": [
    503.9617004394531,
    451.2964172363281,
    391.8706359863281,
    340.0274658203125,
    293.3216247558594,
    251.52789306640625,
    204.81919860839844,
    190.06019592285156,
    193.43304443359375,
    187.22280883789062,
    192.6606903076172,
    198.58631896972656,
    191.21795654296875,
    187.88551330566406,
    180.94139099121094,
    169.33209228515625,
    174.23785400390625,
    176.35223388671875,
    183.05784606933594,
    191.602294921875,
    193.47486877441406,
    194.25848388671875,
    193.86158752441406,
    190.7411651611328,
    191.54681396484375
  ],
  "final_val_mae": 187.22280883789062,
  "epochs": 25,
  "warning": null
}