{
  "loss": [
    130653.0,
    86612.1953125,
    72654.9375,
    53912.88671875,
    52843.96484375,
    41129.7265625,
    37216.69140625,
    35615.80859375,
    33047.35546875,
    26668.7734375,
    43242.890625,
    30143.619140625,
    39982.4453125,
    31344.544921875,
    28083.033203125,
    25191.611328125,
    34267.16015625,
    33601.4375,
    22866.0546875,
    26629.537109375,
    29845.087890625,
    34849.03515625,
    31052.35546875,
    23489.119140625,
    32412.357421875,
    28916.2421875,
    24015.017578125,
    26844.642578125,
    26427.201171875,
    29232.82421875,
    32226.5625,
    32493.51171875,
    26099.86328125,
    25475.556640625,
    33349.609375,
    23297.16796875,
    25556.361328125
  ],
  "val_loss": [
    39959.37890625,
    33821.80078125,
    28801.642578125,
    24465.060546875,
    20869.564453125,
    17822.7109375,
    15967.69921875,
    14812.6591796875,
    14338.8935546875,
    13887.4599609375,
    13584.5908203125,
    13546.7255859375,
    13936.08203125,
    14184.91015625,
    14365.0068359375,
    14432.6240234375,
    14458.29296875,
    14075.6787109375,
    11124.947265625,
    9628.9912109375,
    8065.009765625,
    7822.505859375,
    9492.2587890625,
    12002.474609375,
    13006.46875,
    13537.66796875,
    13961.7646484375,
    13334.9716796875,
    11803.93359375,
    9882.7939453125,
    9300.58203125,
    8351.2529296875,
    8162.7685546875,
    8217.568359375,
    8178.72021484375,
    8054.138671875,
    8180.30615234375
  ],
  "mae": [
    267.6829528808594,
    224.65574645996094,
    200.61802673339844,
    162.3652801513672,
    155.78306579589844,
    145.23135375976562,
    131.3770751953125,
    140.32264709472656,
    123.84636688232422,
    113.858642578125,
    145.495361328125,
    123.7395248413086,
    139.72299194335938,
    133.73316955566406,
    128.0807342529297,
    112.20297241210938,
    124.69291687011719,
    129.2675018310547,
    113.1165771484375,
    117.51140594482422,
    121.216796875,
    137.03599548339844,
    129.7404022216797,
    111.64407348632812,
    125.5380859375,
    123.2313003540039,
    118.59109497070312,
    125.65678405761719,
    115.42387390136719,
    124.28620910644531,
    131.16778564453125,
    128.62013244628906,
    107.67981719970703,
    123.2802963256836,
    132.05039978027344,
    113.69499969482422,
    121.49923706054688
  ],
  "val_mae": [
    169.13853454589844,
    152.66709899902344,
    138.68040466308594,
    124.51775360107422,
    110.99942016601562,
    100.15381622314453,
    94.63534545898438,
    90.7711181640625,
    89.23137664794922,
    88.73493957519531,
    87.9574966430664,
    87.54408264160156,
    87.55532836914062,
    87.47441101074219,
    87.64966583251953,
    87.50944519042969,
    87.51519775390625,
    86.11701202392578,
    76.35218811035156,
    69.93313598632812,
    69.9039306640625,
    69.14244842529297,
    68.56718444824219,
    78.51968383789062,
    82.4876937866211,
    83.90978240966797,
    85.16177368164062,
    83.30438232421875,
    78.23106384277344,
    71.10420227050781,
    68.63404083251953,
    69.65663146972656,
    71.5267105102539,
    71.7230453491211,
    72.23019409179688,
    74.98516082763672,
    77.12666320800781
  ],
  "final_val_mae": 69.14244842529297,
  "epochs": 37,
  "warning": null
}