{
  "loss": [
    1229829.375,
    1190264.875,
    985964.5625,
    763125.0625,
    713561.875,
    611806.375,
    455355.8125,
    639166.8125,
    621100.9375,
    806273.5625,
    612073.375,
    543627.9375,
    477478.90625,
    451869.1875,
    474697.90625,
    509152.46875,
    699645.0625,
    403035.03125,
    471760.09375,
    524219.5,
    409659.125,
    680371.625,
    390444.09375,
    546064.3125,
    501075.875,
    566480.9375,
    530977.1875,
    567096.75,
    551038.5,
    361627.9375,
    493014.40625,
    504498.03125,
    450260.125,
    484147.21875,
    546137.4375
  ],
  "val_loss": [
    805716.75,
    701104.25,
    600466.375,
    503580.78125,
    414716.09375,
    370212.40625,
    322285.65625,
    302969.75,
    298218.96875,
    299560.0,
    305531.875,
    312981.03125,
    323145.625,
    335530.9375,
    322435.46875,
    315444.65625,
    312237.21875,
    285521.09375,
    281972.71875,
    265206.3125,
    270647.375,
    298414.53125,
    286281.3125,
    296897.15625,
    303401.90625,
    305166.28125,
    298245.90625,
    296224.40625,
    303571.09375,
    308980.03125,
    308566.1875,
    303805.59375,
    297707.125,
    296413.46875,
    290395.15625
  ],
  "mae": [
    925.8652954101562,
    899.9832153320312,
    817.7853393554688,
    733.85595703125,
    680.9519653320312,
    633.8099365234375,
    519.6087036132812,
    616.8026123046875,
    597.6691284179688,
    660.2052612304688,
    584.0250854492188,
    556.8779907226562,
    541.2127075195312,
    522.5070190429688,
    524.9852905273438,
    553.325927734375,
    638.7373046875,
    494.4458312988281,
    524.752197265625,
    563.533447265625,
    500.9045104980469,
    615.5958251953125,
    475.15966796875,
    588.8926391601562,
    551.595458984375,
    564.4888305664062,
    573.3618774414062,
    571.51025390625,
    545.5140380859375,
    460.56414794921875,
    532.5449829101562,
    574.095703125,
    560.5089721679688,
    518.0808715820312,
    582.0496215820312
  ],
  "val_mae": [
    793.6055297851562,
    745.370849609375,
    696.1973266601562,
    636.617431640625,
    575.4901733398438,
    549.1160278320312,
    496.8001708984375,
    482.33331298828125,
    474.6255798339844,
    478.1103515625,
    486.9823303222656,
    494.9150695800781,
    506.7095031738281,
    516.4845581054688,
    507.0732727050781,
    500.0161437988281,
    501.2574462890625,
    481.4677734375,
    481.0819091796875,
    466.2490539550781,
    468.4360656738281,
    491.7486572265625,
    485.8360595703125,
    496.3970031738281,
    501.9966125488281,
    503.01251220703125,
    486.4218444824219,
    485.85821533203125,
    490.11669921875,
    495.1624755859375,
    489.6274719238281,
    485.4371337890625,
    481.9779052734375,
    474.8966064453125,
    470.8604431152344
  ],
  "final_val_mae": 466.2490539550781,
  "epochs": 35,
  "warning": null
}