{
  "loss": [
    177966.640625,
    143890.3125,
    114147.3828125,
    96123.296875,
    83604.609375,
    64457.953125,
    44800.40234375,
    48048.94140625,
    31669.3515625,
    31668.607421875,
    46768.546875,
    27658.119140625,
    27391.513671875,
    31173.431640625,
    48021.19921875,
    28486.2109375,
    20337.6953125,
    25064.068359375,
    29608.755859375,
    26124.091796875,
    24162.07421875,
    29294.654296875,
    27060.17578125,
    22422.951171875,
    20731.48828125,
    15351.51171875,
    31153.306640625
  ],
  "val_loss": [
    135729.953125,
    123413.1171875,
    107860.421875,
    94191.9140625,
    84651.5546875,
    76795.8984375,
    68492.203125,
    61107.86328125,
    53087.62890625,
    47857.3359375,
    44681.0,
    43170.1171875,
    43547.19140625,
    44797.94921875,
    47001.14453125,
    47921.08984375,
    49090.921875,
    50088.75390625,
    50486.03515625,
    50870.4765625,
    50088.02734375,
    48922.40234375,
    47873.9765625,
    47673.796875,
    46397.765625,
    45676.61328125,
    45439.49609375
  ],
  "mae": [
    368.5329895019531,
    331.8279113769531,
    292.2539367675781,
    269.5182800292969,
    234.88632202148438,
    206.50843811035156,
    173.26739501953125,
    169.53948974609375,
    140.90968322753906,
    138.27914428710938,
    141.36231994628906,
    129.548583984375,
    131.75640869140625,
    134.78675842285156,
    149.9443817138672,
    124.7202377319336,
    118.22467803955078,
    124.80974578857422,
    131.81236267089844,
    129.00782775878906,
    120.3653793334961,
    132.28646850585938,
    121.3446273803711,
    115.51215362548828,
    107.14492797851562,
    99.83305358886719,
    135.0298309326172
  ],
  "val_mae": [
    322.9610290527344,
    301.4671630859375,
    274.7113342285156,
    249.55198669433594,
    232.5795440673828,
    216.70933532714844,
    199.488525390625,
    180.777587890625,
    160.325927734375,
    149.7466583251953,
    145.9721221923828,
    146.5366973876953,
    152.62828063964844,
    156.69805908203125,
    157.20359802246094,
    154.18353271484375,
    154.94483947753906,
    155.5201873779297,
    155.22940063476562,
    155.3652801513672,
    154.38502502441406,
    153.65618896484375,
    152.97506713867188,
    152.96693420410156,
    151.56280517578125,
    152.54824829101562,
    152.8134765625
  ],
  "final_val_mae": 146.5366973876953,
  "epochs": 27,
  "warning": null
}