{
  "loss": [
    140414.921875,
    113690.25,
    85343.2265625,
    63209.921875,
    46180.27734375,
    29834.939453125,
    24250.6640625,
    28602.357421875,
    35258.890625,
    30435.841796875,
    24159.626953125,
    11342.6787109375,
    22744.095703125,
    22425.939453125,
    13968.306640625,
    22828.4453125,
    17054.33203125,
    24919.84375,
    15528.083984375,
    23992.216796875,
    25597.439453125,
    23794.142578125,
    22507.900390625,
    17259.2578125,
    17962.73828125,
    16165.95703125,
    12812.3818359375,
    16275.1630859375,
    17851.998046875,
    12757.4521484375,
    9091.078125,
    11469.8271484375,
    16390.458984375,
    18141.587890625,
    23451.58984375,
    22260.869140625,
    21077.298828125,
    16889.35546875,
    14886.7431640625,
    13776.78125,
    13920.7373046875,
    11231.0380859375,
    13947.9130859375,
    15431.3916015625,
    12614.125,
    10096.5380859375,
    16016.76953125,
    17129.552734375,
    15811.5947265625,
    17105.837890625
  ],
  "val_loss": [
    260347.4375,
    229362.265625,
    195545.1875,
    160589.3125,
    135378.40625,
    111238.6328125,
    100725.0703125,
    91567.1796875,
    88683.921875,
    88193.90625,
    91858.1015625,
    88543.3203125,
    87874.6015625,
    81428.6328125,
    85614.8046875,
    84909.03125,
    81905.5234375,
    83638.3828125,
    85381.75,
    80842.125,
    84356.1953125,
    82475.109375,
    85709.15625,
    89741.921875,
    90538.375,
    88152.46875,
    86462.53125,
    84755.9609375,
    84173.25,
    82334.5546875,
    82729.96875,
    83264.4296875,
    79972.4765625,
    78586.484375,
    78638.9921875,
    79158.3671875,
    78240.7578125,
    76917.1484375,
    79541.125,
    80428.25,
    80382.40625,
    81055.578125,
    81602.1953125,
    83490.921875,
    84163.0,
    83730.703125,
    81140.6328125,
    80771.5234375,
    82966.6640625,
    81265.2421875
  ],
  "mae": [
    336.9084777832031,
    306.8877258300781,
    269.69354248046875,
    212.08529663085938,
    170.3247833251953,
    135.43544006347656,
    120.81172180175781,
    125.73124694824219,
    127.55524444580078,
    128.7204132080078,
    125.0174789428711,
    84.02049255371094,
    117.29651641845703,
    108.9329605102539,
    95.60401153564453,
    126.78024291992188,
    101.47676086425781,
    122.75086212158203,
    92.8751220703125,
    112.0050277709961,
    113.78652954101562,
    112.13489532470703,
    115.62409210205078,
    97.44804382324219,
    104.46710968017578,
    103.02808380126953,
    84.05292510986328,
    98.8917465209961,
    97.94702911376953,
    86.01663208007812,
    74.55095672607422,
    88.55414581298828,
    94.95063018798828,
    96.64911651611328,
    115.48352813720703,
    107.94131469726562,
    109.05830383300781,
    95.25459289550781,
    88.29348754882812,
    90.10598754882812,
    89.19770050048828,
    84.74791717529297,
    96.87537384033203,
    96.54238891601562,
    86.65010070800781,
    71.26335906982422,
    95.34097290039062,
    98.38269805908203,
    95.67658233642578,
    91.93932342529297
  ],
  "val_mae": [
    442.56231689453125,
    405.4794006347656,
    361.155029296875,
    305.56890869140625,
    264.0609436035156,
    229.11988830566406,
    226.63511657714844,
    224.14337158203125,
    224.90106201171875,
    225.17750549316406,
    232.356689453125,
    225.9296417236328,
    220.36793518066406,
    208.45094299316406,
    211.7759246826172,
    216.4525909423828,
    220.25384521484375,
    222.74111938476562,
    232.58375549316406,
    224.28428649902344,
    232.85165405273438,
    227.93736267089844,
    232.69947814941406,
    233.54502868652344,
    231.24928283691406,
    226.92559814453125,
    225.26341247558594,
    226.47152709960938,
    231.5299835205078,
    232.26678466796875,
    238.33135986328125,
    241.5657196044922,
    242.3760223388672,
    238.76426696777344,
    237.55987548828125,
    235.7475128173828,
    232.3437042236328,
    227.0762176513672,
    231.98721313476562,
    233.5186004638672,
    234.32505798339844,
    237.579833984375,
    239.10336303710938,
    242.91477966308594,
    244.2157745361328,
    244.19863891601562,
    241.90518188476562,
    241.17041015625,
    239.0481414794922,
    233.29214477539062
  ],
  "final_val_mae": 233.29214477539062,
  "epochs": 50,
  "warning": null
}