{
  "loss": [
    8498.6806640625,
    4442.7919921875,
    3988.57568359375,
    3617.386962890625,
    3386.921875,
    3233.7197265625,
    3107.31298828125,
    3040.22802734375,
    2937.154296875,
    2944.116943359375,
    2918.62060546875,
    2884.552734375,
    2834.58642578125,
    2757.444091796875,
    2717.503662109375,
    2713.06298828125,
    2708.1103515625,
    2659.310546875,
    2639.09326171875,
    2562.86962890625,
    2568.761474609375,
    2530.53173828125,
    2512.708251953125,
    2538.346435546875,
    2554.36962890625
  ],
  "val_loss": [
    2020.5137939453125,
    2099.056884765625,
    3133.062744140625,
    1794.4072265625,
    2737.355224609375,
    2484.297119140625,
    1838.0010986328125,
    1810.4373779296875,
    2009.9315185546875,
    3085.9169921875,
    1848.41650390625,
    1805.1566162109375,
    1816.572265625,
    1712.153076171875,
    1598.999755859375,
    2235.763916015625,
    2177.630126953125,
    2138.221435546875,
    1650.9390869140625,
    2101.517822265625,
    1694.6044921875,
    1933.8280029296875,
    2014.833984375,
    2198.288818359375,
    2019.294921875
  ],
  "mae": [
    57.34428787231445,
    42.977874755859375,
    40.409358978271484,
    38.19884490966797,
    36.82051086425781,
    35.75468063354492,
    34.97289276123047,
    34.37868118286133,
    33.862327575683594,
    33.67567443847656,
    33.62619400024414,
    33.35499572753906,
    33.1326789855957,
    32.877925872802734,
    32.63569641113281,
    32.40279769897461,
    32.231998443603516,
    32.142723083496094,
    31.856781005859375,
    31.44367027282715,
    31.612205505371094,
    31.386363983154297,
    31.125368118286133,
    31.06873893737793,
    31.402162551879883
  ],
  "val_mae": [
    30.65718650817871,
    30.415695190429688,
    36.665809631347656,
    26.955949783325195,
    29.47797393798828,
    32.25333023071289,
    26.992996215820312,
    26.343786239624023,
    27.047901153564453,
    31.44624900817871,
    26.157438278198242,
    26.67632484436035,
    25.94822120666504,
    25.834877014160156,
    24.741167068481445,
    28.2515869140625,
    28.587627410888672,
    27.009777069091797,
    25.015274047851562,
    26.757699966430664,
    25.416563034057617,
    26.29285430908203,
    26.770263671875,
    27.555042266845703,
    26.8339786529541
  ],
  "final_val_mae": 24.741167068481445,
  "epochs": 25
}