{
  "loss": [
    3790.067138671875,
    1786.6497802734375,
    1647.687255859375,
    1592.12451171875,
    1532.151123046875,
    1460.8890380859375,
    1418.949462890625,
    1380.2984619140625,
    1344.2059326171875,
    1321.2099609375,
    1299.4625244140625,
    1274.537353515625,
    1227.9244384765625,
    1228.5858154296875,
    1222.796142578125
  ],
  "val_loss": [
    817.20556640625,
    856.29150390625,
    775.152587890625,
    729.62841796875,
    722.1998291015625,
    778.9044799804688,
    773.3208618164062,
    976.6102905273438,
    793.07177734375,
    773.7293701171875,
    798.2755126953125,
    769.632080078125,
    777.8888549804688,
    831.4127807617188,
    894.3494262695312
  ],
  "mae": [
    40.95606231689453,
    28.538982391357422,
    27.313167572021484,
    26.69546890258789,
    26.058635711669922,
    25.3236026763916,
    24.914535522460938,
    24.508089065551758,
    24.240297317504883,
    23.914321899414062,
    23.785856246948242,
    23.63113784790039,
    23.05098533630371,
    23.131954193115234,
    22.851276397705078
  ],
  "val_mae": [
    20.780927658081055,
    21.058319091796875,
    19.67168426513672,
    18.79644012451172,
    18.53120231628418,
    18.893171310424805,
    18.504173278808594,
    20.98598289489746,
    19.189359664916992,
    18.9830265045166,
    19.39264678955078,
    19.26887321472168,
    19.095596313476562,
    19.272621154785156,
    20.4244441986084
  ],
  "final_val_mae": 18.53120231628418,
  "epochs": 15
}