{
  "loss": [
    2595.112060546875,
    1354.7171630859375,
    1256.218994140625,
    1198.337890625,
    1170.2696533203125,
    1113.5743408203125,
    1086.281982421875,
    1064.7471923828125,
    1028.218505859375,
    1013.1375732421875,
    984.37255859375,
    980.5191650390625,
    953.7998046875,
    924.8826293945312,
    918.0801391601562,
    903.3280029296875,
    887.3662719726562,
    885.07080078125,
    885.6054077148438,
    864.8612670898438,
    855.185791015625,
    853.8768920898438
  ],
  "val_loss": [
    471.7834167480469,
    388.1932067871094,
    452.7067565917969,
    369.3539123535156,
    379.10699462890625,
    437.9635314941406,
    495.6747131347656,
    474.2434997558594,
    396.6827087402344,
    421.27789306640625,
    412.992431640625,
    328.1705322265625,
    568.276123046875,
    384.950439453125,
    446.587158203125,
    523.931884765625,
    570.4515991210938,
    430.37982177734375,
    457.6454772949219,
    406.60333251953125,
    445.04705810546875,
    446.84844970703125
  ],
  "mae": [
    31.918195724487305,
    23.67397117614746,
    22.555648803710938,
    21.78438949584961,
    21.489028930664062,
    20.85737419128418,
    20.483850479125977,
    20.255577087402344,
    19.991376876831055,
    19.76743507385254,
    19.344926834106445,
    19.360727310180664,
    18.8606014251709,
    18.788196563720703,
    18.555957794189453,
    18.269758224487305,
    18.023595809936523,
    18.064834594726562,
    18.006689071655273,
    17.760231018066406,
    17.657268524169922,
    17.461759567260742
  ],
  "val_mae": [
    17.09589385986328,
    14.057703971862793,
    15.100858688354492,
    13.08267879486084,
    13.314468383789062,
    14.008782386779785,
    14.908747673034668,
    14.722427368164062,
    12.777236938476562,
    12.942865371704102,
    12.887402534484863,
    11.32159423828125,
    15.067657470703125,
    11.875290870666504,
    12.862066268920898,
    13.744672775268555,
    14.364124298095703,
    12.245086669921875,
    12.578887939453125,
    12.144818305969238,
    12.27466869354248,
    12.241680145263672
  ],
  "final_val_mae": 11.32159423828125,
  "epochs": 22
}