{
  "loss": [
    3143.18212890625,
    1696.13134765625,
    1626.693359375,
    1556.9150390625,
    1530.12451171875,
    1477.200439453125,
    1453.936767578125,
    1458.1414794921875,
    1417.7474365234375,
    1416.1676025390625,
    1398.9864501953125,
    1401.02783203125,
    1375.7860107421875,
    1377.3463134765625,
    1350.719970703125,
    1351.373779296875,
    1334.1103515625,
    1318.9986572265625,
    1323.769775390625,
    1293.00634765625,
    1281.535400390625,
    1290.733642578125,
    1299.666748046875
  ],
  "val_loss": [
    792.0387573242188,
    674.1696166992188,
    643.3487548828125,
    624.4185791015625,
    861.0172729492188,
    651.2174072265625,
    697.5740356445312,
    677.3756713867188,
    663.16015625,
    754.154052734375,
    616.8265991210938,
    708.4679565429688,
    599.5360717773438,
    640.8152465820312,
    673.50732421875,
    693.8235473632812,
    693.109619140625,
    646.5335083007812,
    704.3182983398438,
    719.9237670898438,
    675.77734375,
    631.38427734375,
    695.77490234375
  ],
  "mae": [
    38.693458557128906,
    28.68821144104004,
    27.803850173950195,
    27.040010452270508,
    26.63802146911621,
    26.28356170654297,
    26.096874237060547,
    26.02435874938965,
    25.728981018066406,
    25.625640869140625,
    25.506093978881836,
    25.49652099609375,
    25.07413673400879,
    25.13469696044922,
    24.984533309936523,
    25.04257583618164,
    24.782621383666992,
    24.774595260620117,
    24.68878173828125,
    24.533878326416016,
    24.391878128051758,
    24.46939468383789,
    24.51896095275879
  ],
  "val_mae": [
    22.765039443969727,
    18.918903350830078,
    18.146141052246094,
    17.51219367980957,
    22.679502487182617,
    18.00206756591797,
    18.5872802734375,
    18.56220817565918,
    18.076250076293945,
    19.943763732910156,
    16.98503875732422,
    18.83831024169922,
    16.837963104248047,
    17.803932189941406,
    18.628339767456055,
    18.19303321838379,
    18.566028594970703,
    17.713747024536133,
    19.577892303466797,
    18.710891723632812,
    18.318462371826172,
    17.216434478759766,
    18.478057861328125
  ],
  "final_val_mae": 16.837963104248047,
  "epochs": 23
}