{
  "loss": [
    0.06076611950993538,
    0.018221618607640266,
    0.014804301783442497,
    0.013506442308425903,
    0.012668958865106106,
    0.0124670946970582,
    0.012131767347455025,
    0.011858012527227402,
    0.011886656284332275,
    0.01162464078515768,
    0.011640388518571854,
    0.01144933607429266,
    0.011313799768686295,
    0.011385566554963589,
    0.011368121020495892,
    0.011334741488099098,
    0.011243815533816814
  ],
  "val_loss": [
    0.05331413447856903,
    0.04474257305264473,
    0.046271372586488724,
    0.04528610408306122,
    0.04464449733495712,
    0.04520498588681221,
    0.0445716492831707,
    0.04511919245123863,
    0.04606959968805313,
    0.04503409191966057,
    0.046323005110025406,
    0.04646536335349083,
    0.04708282649517059,
    0.04578816518187523,
    0.046583183109760284,
    0.046627338975667953,
    0.04537762328982353
  ],
  "mae": [
    0.14421723783016205,
    0.06729377806186676,
    0.05126848444342613,
    0.04414257034659386,
    0.037834275513887405,
    0.03556903824210167,
    0.03341827914118767,
    0.0305826123803854,
    0.031835053116083145,
    0.028792737051844597,
    0.028915321454405785,
    0.026549890637397766,
    0.02488059550523758,
    0.0261671245098114,
    0.025577623397111893,
    0.02414986677467823,
    0.024265097454190254
  ],
  "val_mae": [
    0.08330215513706207,
    0.07758728414773941,
    0.044239554554224014,
    0.042902812361717224,
    0.045505624264478683,
    0.04197933152318001,
    0.056891776621341705,
    0.05038927495479584,
    0.039794448763132095,
    0.04723338410258293,
    0.04095197468996048,
    0.03810683637857437,
    0.04457181692123413,
    0.03841803967952728,
    0.04182629659771919,
    0.04135861620306969,
    0.04672021418809891
  ],
  "final_val_mae": 0.056891776621341705,
  "epochs": 17
}