{
  "loss": [
    2781.34033203125,
    1498.0697021484375,
    1373.623779296875,
    1317.6160888671875,
    1267.848876953125,
    1253.89453125,
    1210.1522216796875,
    1179.89208984375,
    1156.249267578125,
    1146.6395263671875,
    1088.9959716796875,
    1111.6754150390625,
    1118.2777099609375,
    1089.923828125,
    1078.2401123046875,
    1051.73193359375,
    1054.2056884765625,
    1049.0770263671875,
    1032.1282958984375,
    1036.7801513671875,
    1044.4193115234375,
    1017.20068359375,
    996.8057861328125,
    994.3861694335938,
    991.3935546875,
    1000.2538452148438,
    985.5836181640625,
    967.6204223632812,
    970.2152099609375,
    970.070556640625,
    951.37939453125,
    951.1151733398438,
    977.198974609375
  ],
  "val_loss": [
    1051.4833984375,
    1021.2947387695312,
    963.5897827148438,
    1018.5665283203125,
    943.9244995117188,
    925.7534790039062,
    929.3263549804688,
    969.6209106445312,
    944.2859497070312,
    928.5667114257812,
    980.6266479492188,
    971.99365234375,
    891.6223754882812,
    926.6989135742188,
    930.331787109375,
    881.049072265625,
    976.654541015625,
    918.1869506835938,
    937.3719482421875,
    977.1250610351562,
    899.4154663085938,
    904.017333984375,
    841.39404296875,
    881.0606079101562,
    908.9906616210938,
    849.8095703125,
    918.9327392578125,
    864.7518310546875,
    865.4296264648438,
    910.0431518554688,
    912.8934936523438,
    1044.5438232421875,
    891.0151977539062
  ],
  "mae": [
    33.434471130371094,
    24.375350952148438,
    22.838050842285156,
    22.081628799438477,
    21.710676193237305,
    21.43413543701172,
    21.193744659423828,
    20.742137908935547,
    20.683738708496094,
    20.594497680664062,
    20.067081451416016,
    20.09242057800293,
    20.20696449279785,
    19.970918655395508,
    19.969249725341797,
    19.52661895751953,
    19.469453811645508,
    19.440265655517578,
    19.28291893005371,
    19.29178810119629,
    19.350473403930664,
    19.050724029541016,
    18.868043899536133,
    18.82059097290039,
    18.818862915039062,
    18.9122257232666,
    18.79628562927246,
    18.43150520324707,
    18.54032325744629,
    18.45390510559082,
    18.453962326049805,
    18.364187240600586,
    18.701950073242188
  ],
  "val_mae": [
    21.991138458251953,
    20.04888343811035,
    18.28263282775879,
    19.512107849121094,
    18.431629180908203,
    17.82668113708496,
    18.164369583129883,
    18.35024642944336,
    18.402158737182617,
    18.48548126220703,
    18.510292053222656,
    19.520986557006836,
    18.039249420166016,
    18.215375900268555,
    18.498538970947266,
    17.425975799560547,
    18.211185455322266,
    17.901460647583008,
    18.16312026977539,
    19.547683715820312,
    18.13097381591797,
    17.752214431762695,
    17.179418563842773,
    17.612260818481445,
    18.19692039489746,
    17.835538864135742,
    18.346189498901367,
    18.044538497924805,
    17.398853302001953,
    18.45180320739746,
    17.900842666625977,
    19.866546630859375,
    17.461156845092773
  ],
  "final_val_mae": 17.179418563842773,
  "epochs": 33
}