{
  "loss": [
    2165.189697265625,
    1293.7659912109375,
    1192.600830078125,
    1179.3072509765625,
    1118.646484375,
    1100.4725341796875,
    1062.0648193359375,
    1045.2777099609375,
    1017.643798828125,
    1013.0445556640625,
    997.7732543945312,
    993.197021484375,
    984.5827026367188,
    965.4158935546875,
    967.3480224609375,
    963.9915771484375,
    938.3609008789062,
    928.5477294921875,
    920.55029296875,
    934.481201171875,
    922.7578125,
    908.389404296875,
    904.4267578125,
    895.0471801757812,
    914.4415893554688,
    881.5123901367188,
    880.2235107421875,
    863.9873046875,
    861.5853881835938,
    869.8155517578125,
    856.0350952148438,
    842.7473754882812,
    845.0919799804688
  ],
  "val_loss": [
    1522.2818603515625,
    1414.64990234375,
    1332.960693359375,
    1313.798583984375,
    1277.0645751953125,
    1284.5223388671875,
    1237.438232421875,
    1195.7471923828125,
    1206.104248046875,
    1197.123779296875,
    1210.4072265625,
    1144.335205078125,
    1126.534423828125,
    1201.538818359375,
    1169.57373046875,
    1166.968017578125,
    1147.8453369140625,
    1143.3035888671875,
    1138.0028076171875,
    1153.9295654296875,
    1137.1617431640625,
    1156.5924072265625,
    1095.490234375,
    1142.72705078125,
    1143.173095703125,
    1169.3665771484375,
    1207.2054443359375,
    1164.5496826171875,
    1147.5220947265625,
    1197.202880859375,
    1175.6549072265625,
    1166.947265625,
    1118.5799560546875
  ],
  "mae": [
    31.805519104003906,
    23.82906150817871,
    22.688169479370117,
    22.456016540527344,
    21.717966079711914,
    21.395057678222656,
    20.959482192993164,
    20.757946014404297,
    20.631589889526367,
    20.352962493896484,
    20.211252212524414,
    20.269155502319336,
    19.947834014892578,
    19.975399017333984,
    19.93515396118164,
    19.841392517089844,
    19.583635330200195,
    19.507217407226562,
    19.428255081176758,
    19.59942626953125,
    19.43002700805664,
    19.394718170166016,
    19.42543601989746,
    19.15378189086914,
    19.288679122924805,
    19.081209182739258,
    19.067272186279297,
    18.89813804626465,
    18.75748062133789,
    18.772342681884766,
    18.773706436157227,
    18.690860748291016,
    18.642362594604492
  ],
  "val_mae": [
    26.952346801757812,
    26.871360778808594,
    25.121688842773438,
    24.857479095458984,
    24.645639419555664,
    24.40350914001465,
    24.106210708618164,
    24.040769577026367,
    24.776351928710938,
    24.554580688476562,
    23.984256744384766,
    24.22188377380371,
    23.50518226623535,
    24.337875366210938,
    24.424903869628906,
    23.83741569519043,
    23.941434860229492,
    23.722640991210938,
    23.776830673217773,
    23.834423065185547,
    23.82813835144043,
    23.8592472076416,
    23.337047576904297,
    23.993743896484375,
    23.64785385131836,
    23.773944854736328,
    24.316343307495117,
    23.94579315185547,
    23.631113052368164,
    23.937284469604492,
    23.80204963684082,
    23.904245376586914,
    23.75278663635254
  ],
  "final_val_mae": 23.337047576904297,
  "epochs": 33
}