{
  "loss": [
    8519.7060546875,
    3585.94287109375,
    3231.792236328125,
    3038.614013671875,
    3019.722412109375,
    2891.989990234375,
    2889.180419921875,
    2813.197509765625,
    2813.723388671875,
    2754.9658203125,
    2702.351318359375,
    2684.6611328125,
    2684.94482421875,
    2670.318115234375,
    2671.267333984375,
    2602.275634765625,
    2579.49609375,
    2538.2578125,
    2523.16650390625,
    2564.8623046875,
    2513.14404296875,
    2490.38623046875,
    2476.09326171875,
    2446.40771484375,
    2429.83056640625
  ],
  "val_loss": [
    2183.068115234375,
    1212.564208984375,
    1141.3248291015625,
    1145.46337890625,
    1083.58642578125,
    1185.74072265625,
    973.09423828125,
    1022.2308959960938,
    1140.7548828125,
    1014.6217651367188,
    989.0421142578125,
    1090.0740966796875,
    1081.760009765625,
    1125.762939453125,
    967.98193359375,
    1045.5423583984375,
    1364.2896728515625,
    1056.8641357421875,
    1144.7469482421875,
    1028.5906982421875,
    1065.4852294921875,
    984.2564697265625,
    1083.856689453125,
    1071.5662841796875,
    1001.679931640625
  ],
  "mae": [
    63.22376251220703,
    41.50634765625,
    38.943153381347656,
    37.409637451171875,
    37.15708541870117,
    36.47029113769531,
    36.40116500854492,
    35.871734619140625,
    35.98712158203125,
    35.48612594604492,
    35.2705192565918,
    35.0906982421875,
    34.8662223815918,
    34.923397064208984,
    34.8504524230957,
    34.300838470458984,
    34.20054626464844,
    33.97269058227539,
    33.918331146240234,
    34.09075164794922,
    33.793399810791016,
    33.825950622558594,
    33.66311264038086,
    33.51341247558594,
    33.30363082885742
  ],
  "val_mae": [
    39.51897430419922,
    25.870874404907227,
    24.868791580200195,
    25.59111976623535,
    24.696266174316406,
    25.459890365600586,
    21.182781219482422,
    22.672119140625,
    25.571516036987305,
    22.733779907226562,
    22.12727928161621,
    23.743684768676758,
    23.249034881591797,
    25.079572677612305,
    21.266788482666016,
    23.22178077697754,
    27.994853973388672,
    22.762447357177734,
    24.743093490600586,
    23.479032516479492,
    23.649511337280273,
    21.78277015686035,
    23.977436065673828,
    23.930721282958984,
    21.63383674621582
  ],
  "final_val_mae": 21.266788482666016,
  "epochs": 25
}