{
  "loss": [
    3806.13720703125,
    1686.6917724609375,
    1519.818359375,
    1485.6109619140625,
    1416.845703125,
    1402.5662841796875,
    1359.1705322265625,
    1354.7957763671875,
    1297.3597412109375,
    1289.4739990234375,
    1278.77099609375,
    1275.710205078125,
    1246.2760009765625,
    1235.56396484375,
    1213.496337890625,
    1205.6761474609375,
    1191.8935546875,
    1186.352783203125,
    1179.849853515625,
    1172.927490234375,
    1162.143310546875,
    1130.1190185546875,
    1145.0875244140625,
    1136.27294921875,
    1129.053466796875
  ],
  "val_loss": [
    519.5753173828125,
    455.94171142578125,
    483.3028259277344,
    453.9642639160156,
    423.1642761230469,
    442.15252685546875,
    463.8078308105469,
    442.6169738769531,
    431.92364501953125,
    672.962890625,
    591.8418579101562,
    451.8541564941406,
    671.3793334960938,
    534.7532958984375,
    366.0684814453125,
    459.742431640625,
    390.06298828125,
    471.49237060546875,
    550.1832885742188,
    452.58990478515625,
    653.8075561523438,
    545.9426879882812,
    427.85223388671875,
    413.50640869140625,
    483.78070068359375
  ],
  "mae": [
    38.414459228515625,
    26.834196090698242,
    25.138019561767578,
    24.53171730041504,
    23.709148406982422,
    23.419954299926758,
    22.949922561645508,
    22.980823516845703,
    22.398988723754883,
    22.266218185424805,
    22.076053619384766,
    21.875715255737305,
    21.69878387451172,
    21.632431030273438,
    21.410961151123047,
    21.47397232055664,
    21.074132919311523,
    21.04609489440918,
    20.940895080566406,
    20.76860237121582,
    20.64685821533203,
    20.363300323486328,
    20.51222801208496,
    20.350088119506836,
    20.46851921081543
  ],
  "val_mae": [
    16.85049819946289,
    15.741540908813477,
    16.272348403930664,
    15.106870651245117,
    14.332877159118652,
    14.268577575683594,
    15.084175109863281,
    14.173504829406738,
    13.842100143432617,
    18.09503746032715,
    17.014135360717773,
    15.106660842895508,
    18.387475967407227,
    16.18084716796875,
    12.761225700378418,
    14.067044258117676,
    13.319310188293457,
    15.058632850646973,
    16.529132843017578,
    13.544198036193848,
    17.54862403869629,
    15.160022735595703,
    14.651697158813477,
    13.869348526000977,
    14.755594253540039
  ],
  "final_val_mae": 12.761225700378418,
  "epochs": 25
}