{
  "loss": [
    2795.34375,
    1421.0618896484375,
    1333.8856201171875,
    1305.0357666015625,
    1287.338134765625,
    1263.425048828125,
    1249.406494140625,
    1234.345947265625,
    1243.49755859375,
    1212.0333251953125,
    1203.108642578125,
    1185.7034912109375,
    1185.29931640625,
    1186.1558837890625,
    1170.32958984375,
    1151.61279296875,
    1168.3475341796875,
    1163.952392578125,
    1151.2095947265625,
    1137.839599609375,
    1138.59765625,
    1130.61181640625,
    1134.142822265625,
    1116.6976318359375,
    1120.449462890625,
    1132.3988037109375,
    1115.10107421875,
    1105.552734375,
    1098.6417236328125,
    1099.898193359375,
    1093.802001953125,
    1089.300537109375,
    1079.7650146484375,
    1076.774169921875,
    1094.9580078125,
    1065.4654541015625,
    1071.283935546875,
    1062.4163818359375,
    1062.5975341796875,
    1061.34423828125,
    1049.682861328125,
    1041.1064453125,
    1043.6878662109375
  ],
  "val_loss": [
    1352.2113037109375,
    1195.326904296875,
    1206.84619140625,
    1126.1158447265625,
    1118.458740234375,
    1140.052734375,
    1119.822509765625,
    1142.5040283203125,
    1115.529541015625,
    1096.9857177734375,
    1158.890625,
    1094.31787109375,
    1115.3701171875,
    1143.6719970703125,
    1086.359375,
    1099.4312744140625,
    1122.2581787109375,
    1117.6663818359375,
    1115.9833984375,
    1121.3299560546875,
    1126.2890625,
    1098.9456787109375,
    1083.1822509765625,
    1131.5689697265625,
    1142.27001953125,
    1096.4930419921875,
    1072.038330078125,
    1091.885498046875,
    1103.134521484375,
    1102.0245361328125,
    1099.7755126953125,
    1088.669189453125,
    1066.472900390625,
    1100.0146484375,
    1095.085205078125,
    1083.5411376953125,
    1082.20703125,
    1106.5430908203125,
    1098.4261474609375,
    1129.2554931640625,
    1088.2781982421875,
    1107.810791015625,
    1091.5491943359375
  ],
  "mae": [
    41.59531784057617,
    29.374635696411133,
    28.035009384155273,
    27.464385986328125,
    27.308979034423828,
    26.98756217956543,
    26.83954429626465,
    26.639894485473633,
    26.76323890686035,
    26.370769500732422,
    26.215496063232422,
    25.999460220336914,
    25.91604995727539,
    26.005260467529297,
    25.720476150512695,
    25.555509567260742,
    25.776708602905273,
    25.69415283203125,
    25.600072860717773,
    25.512969970703125,
    25.453754425048828,
    25.33771514892578,
    25.363718032836914,
    25.134687423706055,
    25.20132064819336,
    25.34293556213379,
    25.048439025878906,
    25.024045944213867,
    24.902036666870117,
    24.870346069335938,
    24.8645076751709,
    24.8209228515625,
    24.608112335205078,
    24.631196975708008,
    24.89194107055664,
    24.47431182861328,
    24.53890609741211,
    24.392057418823242,
    24.397565841674805,
    24.498912811279297,
    24.28121566772461,
    24.13156509399414,
    24.214855194091797
  ],
  "val_mae": [
    30.325115203857422,
    26.841310501098633,
    27.1697998046875,
    25.559240341186523,
    25.64826011657715,
    25.473987579345703,
    24.956165313720703,
    25.237131118774414,
    24.899877548217773,
    24.76142692565918,
    25.974782943725586,
    24.682395935058594,
    25.502525329589844,
    25.04772186279297,
    24.300355911254883,
    24.768123626708984,
    25.803863525390625,
    25.596582412719727,
    25.170654296875,
    25.33623504638672,
    25.67670249938965,
    24.863195419311523,
    23.900400161743164,
    25.86102867126465,
    25.37503433227539,
    24.414478302001953,
    23.984338760375977,
    24.066858291625977,
    24.785247802734375,
    24.906373977661133,
    24.601518630981445,
    24.473085403442383,
    23.952138900756836,
    24.086570739746094,
    24.13884925842285,
    23.92844581604004,
    23.744043350219727,
    25.052722930908203,
    24.45363426208496,
    25.399808883666992,
    24.383211135864258,
    25.13561248779297,
    24.32778549194336
  ],
  "final_val_mae": 23.952138900756836,
  "epochs": 43
}