{
  "loss": [
    211.536376953125,
    99.88273620605469,
    85.34858703613281,
    82.27312469482422,
    79.2243423461914,
    78.47918701171875,
    75.38154602050781,
    76.16114807128906,
    76.09709930419922,
    74.17263793945312,
    73.083740234375,
    73.23481750488281,
    71.61970520019531,
    73.47579193115234,
    73.4567642211914,
    73.12963104248047,
    72.4764175415039
  ],
  "val_loss": [
    58.497859954833984,
    48.975528717041016,
    45.29637908935547,
    50.26457977294922,
    49.17878341674805,
    49.61094284057617,
    44.8142204284668,
    50.5129508972168,
    46.53020477294922,
    53.044647216796875,
    46.165592193603516,
    49.53558349609375,
    47.20055389404297,
    52.07044982910156,
    48.30774688720703,
    52.57244110107422,
    49.70877456665039
  ],
  "mae": [
    10.231629371643066,
    7.490654468536377,
    6.859403133392334,
    6.707448959350586,
    6.605258941650391,
    6.531981468200684,
    6.394445896148682,
    6.416340351104736,
    6.4315667152404785,
    6.357536315917969,
    6.3218817710876465,
    6.308533191680908,
    6.261773109436035,
    6.3016228675842285,
    6.3099589347839355,
    6.2666449546813965,
    6.234840393066406
  ],
  "val_mae": [
    6.414852619171143,
    5.521464824676514,
    5.30639123916626,
    5.710739612579346,
    5.573624134063721,
    5.592486381530762,
    5.261734485626221,
    5.642843723297119,
    5.275639533996582,
    5.8250813484191895,
    5.252214431762695,
    5.5458664894104,
    5.369790554046631,
    5.6854448318481445,
    5.385379314422607,
    5.683778762817383,
    5.488585472106934
  ],
  "final_val_mae": 5.261734485626221,
  "epochs": 17
}