{
  "loss": [
    2949.554443359375,
    1371.2105712890625,
    1245.40576171875,
    1183.899658203125,
    1126.8681640625,
    1124.1484375,
    1076.408935546875,
    1058.6715087890625,
    1030.587646484375,
    1019.135986328125,
    1028.1422119140625,
    994.2102661132812,
    1001.7720947265625,
    973.9564208984375,
    965.2952270507812,
    955.3729858398438,
    932.5689697265625,
    945.4583740234375,
    933.2542114257812,
    912.5991821289062,
    918.2503662109375,
    886.62451171875,
    886.952880859375,
    880.4703369140625,
    882.5826416015625,
    864.55126953125,
    873.3384399414062,
    880.7593383789062,
    870.6102294921875,
    848.7922973632812,
    862.2324829101562,
    837.1026000976562,
    863.6807861328125,
    853.1382446289062,
    833.2574462890625,
    832.7554321289062,
    831.5791625976562,
    807.0858764648438,
    813.7175903320312,
    807.8709106445312
  ],
  "val_loss": [
    582.2189331054688,
    540.0699462890625,
    491.34796142578125,
    516.12841796875,
    484.5349426269531,
    494.3392639160156,
    472.7527160644531,
    472.28192138671875,
    513.6560668945312,
    506.41412353515625,
    505.31414794921875,
    499.1584777832031,
    489.03668212890625,
    465.2895202636719,
    465.2467956542969,
    495.3701477050781,
    512.0371704101562,
    502.6220703125,
    510.447265625,
    548.3480834960938,
    576.3262329101562,
    431.64569091796875,
    475.5445861816406,
    436.5337829589844,
    480.5010681152344,
    523.1661376953125,
    470.6435852050781,
    442.05487060546875,
    444.649658203125,
    429.23089599609375,
    526.6414184570312,
    440.28839111328125,
    478.5520324707031,
    477.6339111328125,
    466.10205078125,
    459.2784729003906,
    448.7598876953125,
    484.96881103515625,
    525.2715454101562,
    447.01971435546875
  ],
  "mae": [
    33.38862991333008,
    23.490650177001953,
    21.534317016601562,
    20.846467971801758,
    20.20640754699707,
    20.137216567993164,
    19.574729919433594,
    19.26681900024414,
    18.970766067504883,
    18.788930892944336,
    18.843727111816406,
    18.52050018310547,
    18.609651565551758,
    18.31474494934082,
    18.087034225463867,
    17.815406799316406,
    17.691686630249023,
    17.746145248413086,
    17.493022918701172,
    17.352527618408203,
    17.42737579345703,
    17.111583709716797,
    16.953655242919922,
    16.930158615112305,
    17.046449661254883,
    16.572986602783203,
    16.676895141601562,
    16.830650329589844,
    16.64594268798828,
    16.374828338623047,
    16.432077407836914,
    16.28156280517578,
    16.443649291992188,
    16.2595157623291,
    16.181324005126953,
    16.10732650756836,
    15.987421035766602,
    15.846487998962402,
    15.806259155273438,
    15.966525077819824
  ],
  "val_mae": [
    15.95620059967041,
    14.966620445251465,
    13.552300453186035,
    14.368372917175293,
    13.115732192993164,
    13.611149787902832,
    13.004927635192871,
    12.790779113769531,
    14.040606498718262,
    13.354122161865234,
    13.721117973327637,
    13.881651878356934,
    13.973533630371094,
    12.673775672912598,
    13.381806373596191,
    13.337088584899902,
    13.535442352294922,
    13.889997482299805,
    14.000722885131836,
    14.587843894958496,
    15.65534496307373,
    12.488394737243652,
    12.917047500610352,
    12.5874605178833,
    12.94843864440918,
    13.680886268615723,
    13.073874473571777,
    12.681624412536621,
    12.377364158630371,
    12.231135368347168,
    13.310444831848145,
    12.547372817993164,
    12.912985801696777,
    13.473491668701172,
    12.377470970153809,
    12.300365447998047,
    12.41677188873291,
    12.770788192749023,
    13.783071517944336,
    13.08476734161377
  ],
  "final_val_mae": 12.231135368347168,
  "epochs": 40
}