{
  "loss": [
    1029.3453369140625,
    388.01416015625,
    350.6771545410156,
    336.8283386230469,
    326.87677001953125,
    320.35052490234375,
    311.20965576171875,
    310.5857849121094,
    307.796630859375,
    302.9059143066406,
    300.55792236328125,
    298.1692199707031,
    294.2005310058594,
    294.22918701171875,
    296.6788330078125,
    287.7808837890625,
    291.8676452636719,
    287.31109619140625,
    287.24334716796875,
    285.4958190917969,
    278.1936340332031,
    282.4709777832031,
    280.34625244140625,
    276.7535705566406,
    277.3439636230469,
    274.83441162109375,
    273.72076416015625
  ],
  "val_loss": [
    206.2123260498047,
    203.64276123046875,
    215.31256103515625,
    189.3695068359375,
    192.46420288085938,
    192.88893127441406,
    188.06198120117188,
    191.9361572265625,
    202.07394409179688,
    198.06678771972656,
    191.0034942626953,
    202.06802368164062,
    191.76983642578125,
    203.3167724609375,
    195.32217407226562,
    193.51242065429688,
    182.22274780273438,
    197.99000549316406,
    199.24639892578125,
    188.4873504638672,
    195.56385803222656,
    208.54307556152344,
    188.00340270996094,
    208.71588134765625,
    196.47254943847656,
    203.91307067871094,
    204.4593048095703
  ],
  "mae": [
    20.958253860473633,
    13.597745895385742,
    12.737211227416992,
    12.472611427307129,
    12.257729530334473,
    12.190256118774414,
    11.928793907165527,
    11.915716171264648,
    11.766222953796387,
    11.751533508300781,
    11.707977294921875,
    11.658747673034668,
    11.534671783447266,
    11.522510528564453,
    11.554967880249023,
    11.395337104797363,
    11.418224334716797,
    11.350900650024414,
    11.383925437927246,
    11.283617973327637,
    11.130931854248047,
    11.160032272338867,
    11.16415023803711,
    11.086119651794434,
    11.032392501831055,
    11.00632381439209,
    11.033177375793457
  ],
  "val_mae": [
    10.260952949523926,
    9.707586288452148,
    9.975401878356934,
    9.282613754272461,
    9.280752182006836,
    9.291984558105469,
    9.132295608520508,
    9.184178352355957,
    9.459846496582031,
    9.278297424316406,
    9.171212196350098,
    9.31687068939209,
    9.334151268005371,
    9.55294132232666,
    9.251936912536621,
    9.176751136779785,
    9.044979095458984,
    9.315438270568848,
    9.300436019897461,
    9.09250259399414,
    9.344099044799805,
    9.471436500549316,
    9.042938232421875,
    9.54871940612793,
    9.220525741577148,
    9.441107749938965,
    9.46872329711914
  ],
  "final_val_mae": 9.044979095458984,
  "epochs": 27
}