{
  "loss": [
    9463.107421875,
    4338.5703125,
    3887.66015625,
    3680.210205078125,
    3545.33837890625,
    3481.08349609375,
    3441.662841796875,
    3320.958984375,
    3310.20361328125,
    3225.423583984375,
    3159.935791015625,
    3136.5888671875,
    3207.127685546875,
    3077.136474609375
  ],
  "val_loss": [
    1525.99609375,
    1391.191162109375,
    1300.2044677734375,
    1205.0067138671875,
    1435.0596923828125,
    1396.0609130859375,
    1255.14892578125,
    1434.0068359375,
    1319.7359619140625,
    1246.0418701171875,
    1500.370361328125,
    1394.4024658203125,
    1691.761474609375,
    1369.721435546875
  ],
  "mae": [
    54.34183120727539,
    38.26321792602539,
    35.021419525146484,
    33.68088150024414,
    32.795841217041016,
    32.2830810546875,
    32.07905578613281,
    31.652629852294922,
    31.554912567138672,
    31.338436126708984,
    30.75711441040039,
    30.67623519897461,
    31.043020248413086,
    30.525163650512695
  ],
  "val_mae": [
    24.08349609375,
    22.065134048461914,
    21.574207305908203,
    18.35686492919922,
    22.65123748779297,
    23.14699935913086,
    19.56668472290039,
    22.061599731445312,
    21.04475975036621,
    19.119766235351562,
    22.114974975585938,
    21.648174285888672,
    24.793737411499023,
    20.62425994873047
  ],
  "final_val_mae": 18.35686492919922,
  "epochs": 14
}