{
  "loss": [
    554.6219482421875,
    266.5201721191406,
    231.95774841308594,
    221.4599609375,
    214.02960205078125,
    210.22647094726562,
    209.09213256835938,
    202.68896484375,
    204.26983642578125,
    199.5577392578125,
    198.70289611816406
  ],
  "val_loss": [
    128.17529296875,
    130.38648986816406,
    143.18275451660156,
    153.66897583007812,
    149.07748413085938,
    136.41452026367188,
    147.61004638671875,
    137.82261657714844,
    148.86312866210938,
    138.57080078125,
    135.946533203125
  ],
  "mae": [
    15.889175415039062,
    11.444899559020996,
    10.60804557800293,
    10.34592342376709,
    10.184123992919922,
    10.067752838134766,
    10.002412796020508,
    9.897467613220215,
    9.92210578918457,
    9.765131950378418,
    9.759357452392578
  ],
  "val_mae": [
    8.6177396774292,
    8.219172477722168,
    8.847328186035156,
    9.499326705932617,
    9.254093170166016,
    8.6781644821167,
    9.164278030395508,
    8.75808334350586,
    9.266555786132812,
    8.628368377685547,
    8.580293655395508
  ],
  "final_val_mae": 8.6177396774292,
  "epochs": 11
}