{
  "loss": [
    1039.0167236328125,
    482.6277160644531,
    426.4537048339844,
    396.75836181640625,
    380.95477294921875,
    377.4459533691406,
    359.94464111328125,
    359.3135986328125,
    341.8321228027344,
    339.6194152832031,
    337.95233154296875,
    330.2138671875,
    329.1493835449219,
    320.7938537597656,
    321.8087463378906,
    317.9870300292969,
    307.3616027832031,
    306.1405334472656,
    307.9122314453125,
    303.99420166015625
  ],
  "val_loss": [
    146.72708129882812,
    132.85043334960938,
    83.96293640136719,
    79.72874450683594,
    80.55716705322266,
    88.9484634399414,
    91.674072265625,
    97.04071044921875,
    100.95610046386719,
    75.5785140991211,
    91.71882629394531,
    78.58380126953125,
    99.36514282226562,
    85.0889892578125,
    89.42279815673828,
    80.19083404541016,
    85.19524383544922,
    102.42945098876953,
    82.8253402709961,
    86.64506530761719
  ],
  "mae": [
    20.032012939453125,
    13.891916275024414,
    12.538090705871582,
    11.881372451782227,
    11.465628623962402,
    11.371657371520996,
    11.06623649597168,
    10.99821949005127,
    10.761651992797852,
    10.654304504394531,
    10.572273254394531,
    10.473482131958008,
    10.319960594177246,
    10.207145690917969,
    10.138955116271973,
    9.992899894714355,
    9.894438743591309,
    9.850671768188477,
    9.789422035217285,
    9.766448974609375
  ],
  "val_mae": [
    9.692536354064941,
    9.014459609985352,
    5.757314682006836,
    5.3038649559021,
    5.621154308319092,
    5.8569440841674805,
    6.529668807983398,
    6.441580295562744,
    6.858556747436523,
    5.269179344177246,
    6.2674994468688965,
    5.43330192565918,
    6.889796257019043,
    6.081094264984131,
    5.736403942108154,
    5.269272804260254,
    5.600102424621582,
    6.2667999267578125,
    5.645411968231201,
    5.734523296356201
  ],
  "final_val_mae": 5.269179344177246,
  "epochs": 20
}