{
  "loss": [
    5316.48779296875,
    2611.458984375,
    2382.6708984375,
    2290.17236328125,
    2218.1328125,
    2176.1181640625,
    2116.69580078125,
    2045.7789306640625,
    2009.3406982421875,
    2039.6968994140625,
    2008.616943359375,
    1930.0234375,
    1942.7037353515625,
    1947.829345703125,
    1892.66455078125,
    1870.90625,
    1817.4473876953125,
    1828.63916015625,
    1822.8182373046875,
    1798.3673095703125
  ],
  "val_loss": [
    1892.02099609375,
    1720.15673828125,
    1788.19384765625,
    1659.4117431640625,
    1501.351806640625,
    1504.3184814453125,
    1495.6588134765625,
    1453.298583984375,
    1492.1407470703125,
    1347.01025390625,
    1660.20458984375,
    1509.96484375,
    1521.0791015625,
    1740.7454833984375,
    1537.8563232421875,
    1480.1573486328125,
    1648.021240234375,
    1562.7232666015625,
    1430.88818359375,
    1620.494873046875
  ],
  "mae": [
    49.16152572631836,
    33.722713470458984,
    32.19367980957031,
    31.160085678100586,
    30.477123260498047,
    30.161752700805664,
    29.772628784179688,
    29.225698471069336,
    28.36404800415039,
    28.749935150146484,
    28.636526107788086,
    28.187419891357422,
    28.057296752929688,
    27.934675216674805,
    27.513532638549805,
    27.283143997192383,
    27.012561798095703,
    27.0759334564209,
    26.88783073425293,
    26.79560661315918
  ],
  "val_mae": [
    29.760120391845703,
    25.81470489501953,
    27.225099563598633,
    25.899316787719727,
    24.325056076049805,
    24.36528778076172,
    23.813629150390625,
    23.099294662475586,
    25.64194679260254,
    23.294639587402344,
    27.150049209594727,
    24.764118194580078,
    24.71552085876465,
    26.42020034790039,
    24.274276733398438,
    25.401565551757812,
    25.453712463378906,
    24.444915771484375,
    24.37875747680664,
    25.269922256469727
  ],
  "final_val_mae": 23.294639587402344,
  "epochs": 20
}