{
  "loss": [
    731.9500122070312,
    365.73370361328125,
    337.0433044433594,
    325.5146179199219,
    311.21759033203125,
    310.315673828125,
    300.50830078125,
    300.70892333984375,
    293.11297607421875,
    289.88250732421875,
    284.46978759765625,
    279.00079345703125,
    274.7041320800781,
    268.12908935546875,
    270.38885498046875,
    268.089111328125,
    264.6104431152344,
    262.04779052734375,
    255.32589721679688,
    255.80711364746094
  ],
  "val_loss": [
    148.6602325439453,
    157.97616577148438,
    169.79092407226562,
    157.8753662109375,
    165.49066162109375,
    207.67233276367188,
    143.16978454589844,
    158.35226440429688,
    145.96493530273438,
    142.23440551757812,
    163.60255432128906,
    153.7725830078125,
    167.01931762695312,
    177.130126953125,
    213.92237854003906,
    163.62158203125,
    177.57261657714844,
    166.11276245117188,
    180.25733947753906,
    170.5342254638672
  ],
  "mae": [
    17.178632736206055,
    12.803152084350586,
    12.173821449279785,
    11.828959465026855,
    11.53377628326416,
    11.416748046875,
    11.234947204589844,
    11.171753883361816,
    11.03946304321289,
    11.019482612609863,
    10.815729141235352,
    10.76059341430664,
    10.625950813293457,
    10.456425666809082,
    10.494215965270996,
    10.399521827697754,
    10.333106994628906,
    10.243494987487793,
    10.136835098266602,
    10.076927185058594
  ],
  "val_mae": [
    8.941252708435059,
    8.775242805480957,
    9.082146644592285,
    8.648770332336426,
    8.752362251281738,
    10.100208282470703,
    8.01492691040039,
    8.39255428314209,
    8.154932022094727,
    7.908844947814941,
    8.475086212158203,
    8.12472152709961,
    8.45086669921875,
    8.609895706176758,
    9.524310111999512,
    8.231882095336914,
    8.54894733428955,
    8.291915893554688,
    8.714692115783691,
    8.31457805633545
  ],
  "final_val_mae": 7.908844947814941,
  "epochs": 20
}