{
  "loss": [
    442.8505859375,
    197.41830444335938,
    188.91371154785156,
    185.89230346679688,
    184.9296417236328,
    181.33424377441406,
    179.77992248535156,
    172.33578491210938,
    173.96253967285156,
    171.07583618164062,
    169.4132537841797,
    168.871337890625,
    165.83290100097656,
    167.82632446289062,
    165.44276428222656,
    163.7150421142578,
    164.81138610839844,
    164.428955078125,
    162.52484130859375,
    162.04530334472656,
    161.30528259277344,
    158.02391052246094,
    160.33811950683594
  ],
  "val_loss": [
    131.4876251220703,
    118.16018676757812,
    113.92765808105469,
    126.61376190185547,
    115.81993103027344,
    113.36936950683594,
    123.2831802368164,
    109.00588989257812,
    120.88440704345703,
    119.39728546142578,
    107.2077865600586,
    113.58062744140625,
    102.4934310913086,
    125.70372009277344,
    115.92142486572266,
    123.3549575805664,
    112.0075454711914,
    108.21172332763672,
    112.38140106201172,
    114.75829315185547,
    137.90133666992188,
    110.19971466064453,
    111.66466522216797
  ],
  "mae": [
    14.550830841064453,
    9.907459259033203,
    9.604093551635742,
    9.42369556427002,
    9.363167762756348,
    9.265244483947754,
    9.15726089477539,
    8.979071617126465,
    9.007990837097168,
    8.895214080810547,
    8.866474151611328,
    8.80333137512207,
    8.708456993103027,
    8.756795883178711,
    8.707273483276367,
    8.647417068481445,
    8.63265323638916,
    8.639323234558105,
    8.600775718688965,
    8.57626724243164,
    8.561212539672852,
    8.4619140625,
    8.516951560974121
  ],
  "val_mae": [
    8.89454460144043,
    7.9442572593688965,
    7.73652458190918,
    8.277389526367188,
    7.6784844398498535,
    7.595338344573975,
    7.9782490730285645,
    7.407694339752197,
    7.704591751098633,
    7.685751438140869,
    7.285594463348389,
    7.440533638000488,
    7.123685836791992,
    7.839967250823975,
    7.4796013832092285,
    7.776152610778809,
    7.37645149230957,
    7.344261646270752,
    7.382009506225586,
    7.485076427459717,
    8.099312782287598,
    7.263550758361816,
    7.303912162780762
  ],
  "final_val_mae": 7.123685836791992,
  "epochs": 23
}